PLAYER_ID,PLAYER_NAME,NICKNAME,TEAM_ID,TEAM_ABBREVIATION,AGE,games_played,W,L,W_PCT,MIN,FGM,FGA,FG_PCT,FG3M,FG3A,FG3_PCT,FTM,FTA,FT_PCT,OREB,DREB,REB,AST,TOV,STL,BLK,BLKA,PF,PFD,PTS,PLUS_MINUS,NBA_FANTASY_PTS,DD2,TD3,WNBA_FANTASY_PTS,GP_RANK,W_RANK,L_RANK,W_PCT_RANK,MIN_RANK,FGM_RANK,FGA_RANK,FG_PCT_RANK,FG3M_RANK,FG3A_RANK,FG3_PCT_RANK,FTM_RANK,FTA_RANK,FT_PCT_RANK,OREB_RANK,DREB_RANK,REB_RANK,AST_RANK,TOV_RANK,STL_RANK,BLK_RANK,BLKA_RANK,PF_RANK,PFD_RANK,PTS_RANK,PLUS_MINUS_RANK,NBA_FANTASY_PTS_RANK,DD2_RANK,TD3_RANK,WNBA_FANTASY_PTS_RANK,TEAM_COUNT,USG_PCT,NET_RATING,PIE,TS_PCT,AST_PCT,REB_PCT,PACE,PLAYER_HEIGHT_INCHES,PLAYER_WEIGHT,name,team,efficiency,scoring_creation,defensive_impact,cluster,cluster_name,umap_x,umap_y
1630639,A.J. Lawson,A.J.,1610612761,TOR,25.0,20,14,12,0.538,18.7,3.1,7.3,0.414,1.3,3.9,0.332,1.7,2.4,0.668,0.8,2.5,3.4,1.2,0.6,0.5,0.2,0.5,1.7,1.5,9.4,-0.2,16.5,2,0,16.3,424,364,414,239,305,248,228,388,196,181,319,147,129,419,272,258,271,343,394,355,330,201,247,207,219,300,292,159,44,281,1,0.181,-1.4,0.082,0.548,0.093,0.08,103.71,78,179.0,A.J. Lawson,TOR,14.1,10.0,0.7,1,Плеймейкер,8.457788,6.9940686
1631260,AJ Green,AJ,1610612749,MIL,26.0,77,44,29,0.603,22.7,2.5,5.8,0.425,2.1,5.0,0.426,0.3,0.4,0.818,0.2,2.1,2.4,1.5,0.5,0.5,0.1,0.0,2.2,0.7,7.5,0.8,13.8,0,0,14.6,86,62,188,164,220,310,298,353,77,112,37,470,486,180,497,326,374,291,408,352,467,520,136,394,278,83,342,281,44,318,1,0.129,6.4,0.058,0.635,0.086,0.051,100.84,76,190.0,AJ Green,MIL,11.5,8.2,0.6,1,Плеймейкер,9.485328,4.478926
1642358,AJ Johnson,AJ,1610612764,WAS,21.0,35,8,21,0.276,22.0,2.8,7.3,0.382,0.8,3.1,0.28,1.1,1.3,0.862,0.3,1.8,2.1,2.8,1.3,0.4,0.1,0.6,1.7,0.9,8.2,-4.5,14.3,0,0,14.1,412,445,297,473,232,275,227,472,298,243,425,239,266,87,483,372,407,148,198,402,449,120,239,321,273,522,332,281,44,328,2,0.177,-11.5,0.053,0.487,0.178,0.042,100.83,77,160.0,AJ Johnson,WAS,12.3,9.6,0.5,4,Ролевой игрок,7.7285686,8.067308
203932,Aaron Gordon,Aaron,1610612743,DEN,30.0,44,33,18,0.647,28.4,5.2,9.7,0.533,1.5,3.4,0.439,2.8,3.5,0.798,1.6,3.3,5.0,3.3,1.5,0.5,0.3,0.7,1.6,2.7,15.2,5.6,26.0,3,0,25.6,275,166,345,101,120,113,139,79,171,219,24,73,76,196,91,163,136,118,147,382,290,84,277,89,98,26,127,134,44,124,1,0.189,9.5,0.104,0.652,0.143,0.086,101.64,80,235.0,Aaron Gordon,DEN,22.8,16.8,0.8,2,Большой (Big Man),5.696385,3.7072861
1628988,Aaron Holiday,Aaron,1610612745,HOU,29.0,61,39,23,0.629,12.8,1.9,4.3,0.438,1.2,2.9,0.406,0.5,0.7,0.82,0.2,1.0,1.4,1.4,0.6,0.3,0.2,0.2,1.0,0.8,5.7,-0.8,9.9,0,0,10.2,192,100,280,124,403,381,374,325,220,258,91,392,412,142,510,456,485,320,382,453,385,415,413,350,363,142,422,281,44,403,1,0.149,6.7,0.082,0.582,0.142,0.044,103.09,72,185.0,Aaron Holiday,HOU,8.4,6.4,0.5,1,Плеймейкер,9.161173,5.786729
1630174,Aaron Nesmith,Aaron,1610612754,IND,26.0,47,29,16,0.644,24.9,4.3,8.4,0.497,1.9,4.3,0.423,1.6,1.8,0.907,0.8,3.1,4.0,1.2,0.8,0.8,0.4,0.5,2.5,1.7,12.1,2.6,21.2,0,0,21.4,318,212,369,102,182,153,173,116,104,151,34,151,194,33,256,179,195,342,306,210,231,182,52,169,147,53,193,281,44,180,1,0.164,8.5,0.087,0.638,0.063,0.078,101.64,78,215.0,Aaron Nesmith,IND,17.7,12.7,1.2,1,Плеймейкер,7.233878,4.411513
1630598,Aaron Wiggins,Aaron,1610612760,OKC,27.0,73,62,14,0.816,22.9,4.7,9.6,0.482,1.7,4.5,0.375,1.0,1.2,0.838,1.1,2.8,4.0,1.8,0.9,0.8,0.2,0.5,1.3,0.9,12.2,6.8,21.5,2,0,21.4,51,4,392,25,216,137,142,156,136,144,125,262,282,140,171,218,203,246,274,205,327,170,349,326,146,14,187,159,44,177,1,0.201,14.2,0.105,0.589,0.102,0.081,101.91,77,190.0,Aaron Wiggins,OKC,18.1,13.1,1.0,1,Плеймейкер,7.149927,3.028398
1641745,Adam Flagler,Adam,1610612760,OKC,26.0,39,34,3,0.919,5.5,0.7,2.6,0.261,0.4,1.9,0.18,0.0,0.1,0.498,0.2,0.5,0.7,0.3,0.1,0.2,0.1,0.1,0.4,0.0,1.8,-0.1,3.9,0,0,3.8,361,157,521,11,519,511,469,544,401,343,479,543,546,506,522,531,534,523,546,492,478,514,521,555,514,222,527,281,44,523,1,0.192,2.3,0.025,0.337,0.094,0.057,100.16,75,180.0,Adam Flagler,OKC,3.0,2.0,0.3,4,Ролевой игрок,10.954626,8.526344
1641737,Adem Bona,Adem,1610612755,PHI,23.0,59,12,46,0.207,15.6,2.3,3.3,0.705,0.0,0.0,0.0,1.2,1.7,0.669,1.6,2.6,4.5,0.5,1.2,0.4,1.3,0.2,2.2,1.6,6.2,-2.3,15.4,3,0,13.8,223,393,32,518,357,337,424,7,499,540,499,220,205,435,89,245,175,495,235,383,30,373,134,192,355,404,312,134,44,334,1,0.139,-6.6,0.093,0.716,0.043,0.13,100.51,82,235.0,Adem Bona,PHI,11.7,6.4,1.7,0,Звезда лиги,4.094852,2.149385
1642349,Ajay Mitchell,Ajay,1610612760,OKC,24.0,31,31,5,0.861,16.6,2.5,5.1,0.503,0.6,1.7,0.386,0.8,1.0,0.841,0.5,1.4,1.9,1.8,0.8,0.7,0.1,0.3,1.9,1.5,6.6,2.6,13.0,1,0,12.4,370,186,495,15,339,305,324,147,340,368,128,300,330,145,378,418,417,243,309,248,443,299,199,197,322,75,355,198,44,358,1,0.159,9.7,0.082,0.573,0.153,0.053,100.63,77,190.0,Ajay Mitchell,OKC,10.3,7.5,0.8,1,Плеймейкер,9.432413,4.072798
201143,Al Horford,Al,1610612738,BOS,40.0,52,44,16,0.733,27.6,3.3,7.7,0.42,1.9,5.2,0.377,0.6,0.6,0.881,1.3,4.8,5.4,1.8,0.7,0.5,0.8,0.1,1.4,0.6,7.8,3.9,23.1,7,0,22.1,206,62,369,61,134,228,207,378,101,100,201,385,420,45,123,66,72,197,320,303,67,451,346,419,228,16,164,87,44,164,1,0.137,11.5,0.091,0.551,0.102,0.106,97.75,81,240.0,Al Horford,BOS,15.6,8.7,1.3,1,Плеймейкер,7.613163,3.296633
202692,Alec Burks,Alec,1610612748,MIA,34.0,54,26,23,0.531,17.6,2.3,5.5,0.433,1.8,4.2,0.438,0.8,1.0,0.761,0.3,2.2,2.3,1.0,0.6,0.6,0.1,0.2,0.8,0.9,6.8,2.8,13.5,0,0,14.1,293,240,280,247,320,334,307,373,117,159,39,312,314,262,470,313,359,359,384,319,420,414,467,329,282,114,347,281,44,327,1,0.149,5.9,0.088,0.609,0.09,0.07,98.03,77,214.0,Alec Burks,MIA,10.2,7.3,0.7,1,Плеймейкер,9.541685,4.125879
1627936,Alex Caruso,Alex,1610612760,OKC,32.0,57,44,10,0.815,19.3,2.6,5.8,0.449,1.1,3.1,0.366,0.8,0.9,0.83,0.7,2.2,2.8,2.4,0.7,1.6,0.6,0.3,1.9,1.1,6.9,2.3,20.2,0,0,18.0,258,62,443,26,288,297,297,291,230,238,235,311,339,156,289,310,314,157,351,15,127,339,199,273,294,25,213,281,44,242,1,0.154,15.0,0.101,0.57,0.171,0.072,102.7,77,186.0,Alex Caruso,OKC,13.6,8.1,2.2,1,Плеймейкер,7.191784,3.268129
1642505,Alex Ducas,Alex,1610612760,OKC,25.0,20,20,1,0.952,6.0,0.6,1.4,0.411,0.5,1.0,0.48,0.1,0.1,0.995,0.4,0.8,1.3,0.2,0.2,0.2,0.0,0.0,0.6,0.0,1.8,-0.6,4.1,0,0,4.1,445,296,548,10,514,524,528,445,377,419,14,536,544,1,417,499,487,541,529,481,519,516,499,554,518,343,521,281,44,519,1,0.129,-6.7,0.065,0.595,0.058,0.088,102.63,79,220.0,Alex Ducas,OKC,3.3,1.9,0.2,1,Плеймейкер,9.862336,4.9270215
203458,Alex Len,Alex,1610612747,LAL,33.0,46,21,25,0.457,8.3,0.7,1.4,0.508,0.0,0.2,0.227,0.2,0.4,0.456,0.8,1.2,2.0,0.8,0.4,0.2,0.5,0.2,1.2,0.4,1.6,-3.6,6.8,0,0,5.8,307,280,256,333,477,509,531,112,490,513,463,508,487,530,253,436,404,426,446,498,181,441,376,472,522,470,476,281,44,488,2,0.096,-17.5,0.057,0.526,0.143,0.118,101.55,84,250.0,Alex Len,LAL,4.7,2.0,0.7,4,Ролевой игрок,10.1798525,6.1939435
1642259,Alex Sarr,Alex,1610612764,WAS,21.0,59,13,54,0.194,27.1,4.9,12.4,0.396,1.6,5.1,0.315,1.7,2.5,0.678,1.9,4.6,6.7,2.5,1.8,0.7,1.6,0.6,2.2,1.8,13.5,-7.4,29.2,10,0,27.8,147,382,8,527,144,125,87,455,159,107,365,141,125,427,65,75,66,164,111,270,14,137,127,152,125,559,105,62,44,106,1,0.231,-13.7,0.084,0.493,0.139,0.108,104.3,84,205.0,Alex Sarr,WAS,23.2,14.8,2.3,2,Большой (Big Man),5.4648232,7.3802977
1630578,Alperen Sengun,Alperen,1610612745,HOU,23.0,82,52,24,0.684,31.5,7.5,15.0,0.51,0.3,1.2,0.227,3.9,5.6,0.696,3.4,6.9,10.3,4.9,2.6,1.1,0.8,1.1,2.8,5.3,19.2,2.5,42.0,45,4,38.4,51,19,271,77,80,43,55,143,427,399,455,35,22,403,10,21,12,54,45,76,73,18,31,12,56,32,23,7,9,34,1,0.267,7.6,0.153,0.531,0.238,0.153,99.47,83,243.0,Alperen Sengun,HOU,33.7,21.6,1.9,3,3-and-D игрок,2.7614167,5.5595975
1641708,Amen Thompson,Amen,1610612745,HOU,23.0,74,43,26,0.623,32.3,5.6,10.1,0.549,0.4,1.3,0.27,2.4,3.6,0.698,2.8,5.4,9.1,4.2,2.2,1.6,1.4,0.7,2.4,2.5,15.6,4.8,35.7,21,3,31.8,129,75,237,134,63,89,126,65,402,390,417,92,74,416,25,43,32,91,78,33,23,108,73,100,111,70,58,28,11,76,1,0.186,6.3,0.129,0.591,0.167,0.118,100.0,79,200.0,Amen Thompson,HOU,29.7,17.7,3.0,3,3-and-D игрок,3.2217596,4.463263
1629599,Amir Coffey,Amir,1610612746,LAC,29.0,76,41,31,0.569,24.3,3.3,7.1,0.465,1.4,3.4,0.413,1.6,1.8,0.903,0.4,1.8,2.1,1.1,0.6,0.6,0.1,0.4,1.7,1.3,9.5,-1.1,15.3,0,0,15.7,95,83,158,214,200,217,239,208,179,214,61,158,190,52,413,363,386,371,372,325,465,242,258,239,200,324,317,281,44,290,1,0.146,-1.4,0.072,0.623,0.065,0.046,99.23,79,210.0,Amir Coffey,LAC,12.8,10.0,0.7,1,Плеймейкер,8.619406,5.5210075
203083,Andre Drummond,Andre,1610612755,PHI,32.0,43,12,28,0.3,18.8,2.9,5.9,0.506,0.1,0.5,0.151,1.4,2.3,0.609,2.7,5.0,7.5,0.9,1.4,1.0,0.5,0.7,2.4,1.7,7.1,-3.6,20.8,5,0,18.9,342,393,209,456,302,267,295,125,481,483,491,182,141,476,26,57,41,423,158,117,187,85,85,166,279,538,204,106,44,224,1,0.168,-15.5,0.109,0.539,0.07,0.205,98.83,83,279.0,Andre Drummond,PHI,15.6,7.6,1.5,0,Звезда лиги,5.8025665,4.805616
1641748,Andre Jackson Jr.,Andre,1610612749,MIL,24.0,68,39,28,0.582,14.6,1.4,2.9,0.468,0.4,1.1,0.396,0.2,0.4,0.509,1.0,1.7,2.8,1.3,0.9,0.5,0.2,0.1,1.7,0.4,3.6,-1.9,9.8,0,0,9.3,147,100,209,201,378,430,454,186,382,407,102,506,491,506,199,375,339,335,292,349,358,478,244,471,454,282,423,281,44,421,1,0.127,-1.5,0.051,0.541,0.109,0.091,101.48,78,209.0,Andre Jackson Jr.,MIL,7.5,4.2,0.7,1,Плеймейкер,9.710191,6.2096334
1629614,Andrew Nembhard,Andrew,1610612754,IND,26.0,58,44,21,0.677,28.9,3.8,8.3,0.459,0.8,2.7,0.283,1.7,2.1,0.795,0.5,2.8,3.4,5.2,1.8,1.3,0.2,0.5,2.3,2.0,10.4,4.2,24.0,2,0,21.9,162,62,297,83,114,179,180,249,307,280,395,146,156,229,373,221,267,50,108,54,397,201,98,132,190,82,155,159,44,168,1,0.157,5.3,0.081,0.551,0.225,0.057,101.31,76,191.0,Andrew Nembhard,IND,18.7,13.0,1.5,2,Большой (Big Man),5.681021,3.9914277
203952,Andrew Wiggins,Andrew,1610612748,MIA,31.0,64,27,33,0.45,30.7,6.3,14.0,0.438,2.2,5.8,0.38,3.3,4.3,0.77,1.5,3.0,4.4,2.6,1.7,1.0,0.8,1.1,1.7,2.9,17.7,-2.9,31.1,3,0,30.9,206,232,130,346,88,76,63,282,69,77,159,60,44,286,103,196,160,147,115,101,69,25,250,76,70,392,89,134,44,84,2,0.238,-2.3,0.105,0.556,0.137,0.069,99.96,79,197.0,Andrew Wiggins,MIA,24.8,19.0,1.8,2,Большой (Big Man),4.4013405,6.7065477
1629014,Anfernee Simons,Anfernee,1610612757,POR,27.0,66,28,42,0.4,32.7,6.8,16.1,0.434,3.1,8.5,0.37,2.5,2.8,0.902,0.4,2.3,2.8,5.0,2.1,0.9,0.1,0.9,1.7,2.0,20.1,-2.0,30.5,2,0,31.7,118,220,47,389,52,61,45,368,17,16,203,87,110,41,447,292,342,55,75,173,490,38,257,132,53,465,94,159,44,79,1,0.229,-4.6,0.106,0.555,0.241,0.039,99.72,75,200.0,Anfernee Simons,POR,26.8,22.6,1.0,2,Большой (Big Man),4.210925,6.8883505
1641710,Anthony Black,Anthony,1610612753,ORL,22.0,71,39,39,0.5,24.2,3.4,7.9,0.413,0.8,2.5,0.312,1.9,2.5,0.757,0.7,2.3,3.2,3.4,2.0,1.2,0.7,0.7,2.1,2.3,10.3,-0.4,21.0,1,0,19.7,35,100,68,266,201,215,192,381,306,293,344,126,119,293,309,304,313,126,96,78,113,100,143,114,206,285,199,198,44,206,1,0.177,-0.9,0.084,0.519,0.201,0.061,97.83,79,200.0,Anthony Black,ORL,16.8,12.0,1.9,2,Большой (Big Man),5.4105177,5.9723763
203076,Anthony Davis,Anthony,1610612742,DAL,33.0,43,30,21,0.588,33.4,9.2,17.8,0.512,0.7,2.4,0.281,5.6,7.2,0.771,2.6,8.9,11.1,3.4,2.1,1.2,2.1,0.8,1.9,5.4,23.7,-0.1,51.7,36,1,47.2,275,196,297,186,43,9,27,97,329,305,407,12,9,263,30,6,7,102,62,65,4,72,187,11,15,194,6,14,20,7,2,0.304,0.5,0.179,0.589,0.182,0.173,98.83,82,253.0,Anthony Davis,DAL,39.4,25.4,3.3,3,3-and-D игрок,2.7427456,5.3927402
1630162,Anthony Edwards,Anthony,1610612750,MIN,24.0,81,48,31,0.608,36.3,9.1,20.4,0.438,4.1,10.3,0.4,5.3,6.3,0.844,0.8,4.9,6.1,4.8,3.4,1.3,0.6,0.7,1.9,4.3,29.4,4.2,43.4,7,0,45.4,23,30,158,160,9,12,6,288,2,4,104,16,16,126,271,63,94,62,14,66,103,97,196,26,5,73,16,87,44,11,1,0.322,4.8,0.14,0.592,0.209,0.077,98.27,76,225.0,Anthony Edwards,MIN,38.8,31.8,1.9,3,3-and-D игрок,2.0583336,6.2187557
1630264,Anthony Gill,Anthony,1610612764,WAS,33.0,53,7,44,0.137,7.8,0.8,1.7,0.499,0.2,0.6,0.324,0.6,1.0,0.659,0.4,0.9,1.2,0.3,0.2,0.2,0.0,0.1,0.6,0.7,2.4,-0.8,5.0,0,0,4.8,275,460,42,543,486,491,512,154,453,476,336,352,327,452,448,478,481,526,528,502,515,464,494,381,483,380,509,281,44,506,1,0.125,-7.8,0.071,0.579,0.059,0.077,101.23,80,230.0,Anthony Gill,WAS,3.9,2.6,0.2,1,Плеймейкер,9.968074,5.4867735
1641810,Antonio Reeves,Antonio,1610612740,NOP,25.0,40,6,38,0.136,15.0,2.6,5.6,0.471,1.2,2.9,0.387,0.6,0.8,0.809,0.4,1.0,1.5,1.0,0.7,0.5,0.1,0.3,0.9,0.5,7.3,-4.3,11.0,0,0,11.5,322,473,85,544,368,299,304,259,221,257,101,357,378,213,424,459,466,414,352,368,471,291,440,442,302,475,392,281,44,375,1,0.169,-10.2,0.072,0.585,0.089,0.047,101.12,77,205.0,Antonio Reeves,NOP,9.7,7.8,0.6,1,Плеймейкер,9.158653,6.155828
1630574,Ariel Hukporti,Ariel,1610612752,NYK,24.0,28,17,8,0.68,8.7,0.8,1.2,0.673,0.0,0.0,0.0,0.2,0.5,0.447,0.6,1.5,2.1,0.4,0.8,0.0,0.6,0.1,1.3,0.5,2.0,-1.9,6.1,0,0,5.7,427,323,459,80,471,492,542,14,499,542,499,493,446,533,351,406,406,500,302,540,119,494,359,439,507,442,488,281,44,489,1,0.099,-12.4,0.048,0.664,0.075,0.112,102.57,83,246.0,Ariel Hukporti,NYK,4.3,2.2,0.6,0,Звезда лиги,4.276272,1.6620822
1641709,Ausar Thompson,Ausar,1610612765,DET,23.0,56,34,25,0.576,22.5,4.2,7.8,0.523,0.2,0.8,0.217,1.5,2.4,0.648,1.9,3.3,5.3,2.4,1.5,1.8,0.7,0.7,2.8,2.2,10.5,-1.0,25.3,3,0,22.3,218,157,256,206,224,158,202,76,458,452,462,166,131,460,64,165,116,178,165,14,93,89,27,123,189,161,137,134,44,160,1,0.176,4.0,0.104,0.565,0.139,0.11,102.76,78,205.0,Ausar Thompson,DET,19.2,11.7,2.5,2,Большой (Big Man),5.1600857,4.789551
1630559,Austin Reaves,Austin,1610612747,LAL,28.0,74,46,27,0.63,34.9,6.5,14.2,0.458,2.7,7.3,0.371,4.4,5.0,0.881,0.8,3.7,4.4,5.7,2.4,1.1,0.3,0.6,2.1,4.4,20.0,4.5,36.1,9,1,36.0,86,45,222,121,26,69,62,243,32,30,144,25,32,74,248,120,156,31,54,75,272,112,159,25,50,99,54,71,20,51,1,0.223,3.8,0.118,0.613,0.241,0.065,99.86,77,197.0,Austin Reaves,LAL,29.1,22.8,1.4,3,3-and-D игрок,1.8061216,6.754263
1630245,Ayo Dosunmu,Ayo,1610612741,CHI,26.0,44,17,29,0.37,30.3,4.8,9.8,0.503,1.3,4.1,0.338,1.3,1.7,0.778,0.6,2.9,3.7,4.7,1.6,0.9,0.4,0.7,2.3,1.4,13.0,-3.7,25.8,1,1,24.3,307,323,188,412,94,130,138,149,187,168,315,196,206,242,348,204,244,64,138,134,224,81,102,230,138,518,130,198,20,138,1,0.17,-7.7,0.084,0.574,0.21,0.054,104.63,77,200.0,Ayo Dosunmu,CHI,21.1,15.4,1.3,2,Большой (Big Man),5.5582714,6.5758104
1628389,Bam Adebayo,Bam,1610612748,MIA,28.0,74,36,42,0.462,34.3,6.9,14.3,0.492,1.0,2.8,0.357,3.2,4.2,0.772,2.4,7.2,9.7,4.3,2.1,1.3,0.7,0.6,2.1,4.0,18.2,1.3,39.8,38,1,36.9,35,136,47,327,32,58,60,164,256,267,217,62,50,282,37,15,18,76,72,47,92,133,157,37,68,208,34,11,20,44,1,0.221,0.1,0.137,0.574,0.204,0.141,97.02,81,255.0,Bam Adebayo,MIA,32.1,20.3,2.0,3,3-and-D игрок,3.2131898,4.910029
1631248,Baylor Scheierman,Baylor,1610612738,BOS,25.0,35,27,4,0.871,12.4,1.3,3.5,0.359,0.8,2.6,0.311,0.3,0.4,0.755,0.6,1.5,2.2,1.2,0.4,0.5,0.1,0.1,0.7,0.6,3.8,-0.1,9.2,0,0,8.9,402,232,507,14,415,454,411,505,296,284,346,474,480,310,332,404,403,372,460,335,496,485,476,420,445,173,432,281,44,430,1,0.148,4.1,0.074,0.5,0.12,0.083,95.28,78,205.0,Baylor Scheierman,BOS,7.4,4.4,0.6,4,Ролевой игрок,10.71519,7.403577
1641767,Ben Sheppard,Ben,1610612754,IND,24.0,58,40,23,0.635,19.5,1.9,4.6,0.41,1.1,3.2,0.334,0.4,0.4,0.878,0.7,2.1,3.0,1.4,0.3,0.6,0.2,0.2,2.0,0.6,5.7,-0.1,12.8,0,0,12.2,185,89,280,111,284,375,364,400,244,236,272,443,467,54,293,330,329,319,473,301,334,389,174,428,371,327,364,281,44,365,1,0.093,-2.2,0.055,0.567,0.087,0.07,102.92,78,190.0,Ben Sheppard,IND,10.6,6.4,0.8,1,Плеймейкер,10.683539,5.3528976
1627732,Ben Simmons,Ben,1610612746,LAC,29.0,55,26,25,0.51,22.0,2.3,4.4,0.515,0.0,0.0,0.007,0.5,0.6,0.734,0.9,3.8,4.6,5.5,2.0,0.7,0.5,0.2,2.1,1.1,4.9,-1.7,20.7,1,0,17.7,275,240,256,262,234,342,369,92,499,542,499,415,415,349,223,112,144,34,78,228,186,406,153,277,379,351,207,198,44,252,2,0.144,-1.8,0.103,0.525,0.358,0.113,98.17,82,240.0,Ben Simmons,LAC,14.2,7.6,1.2,2,Большой (Big Man),5.895323,4.858229
1631097,Bennedict Mathurin,Bennedict,1610612754,IND,24.0,75,43,29,0.597,29.9,5.4,11.8,0.466,1.4,4.0,0.343,3.8,4.6,0.842,1.2,4.1,5.7,2.0,2.0,0.8,0.3,0.9,2.3,3.4,17.4,3.5,26.4,8,0,26.6,95,75,188,175,105,100,99,246,185,174,278,37,39,141,142,95,110,230,91,272,248,36,110,54,88,148,124,77,44,114,1,0.21,1.6,0.092,0.586,0.09,0.088,101.52,77,210.0,Bennedict Mathurin,IND,24.2,18.4,1.1,2,Большой (Big Man),4.9989266,4.2830954
1641731,Bilal Coulibaly,Bilal,1610612764,WAS,21.0,64,13,46,0.22,33.0,4.5,10.6,0.425,1.1,3.8,0.288,2.3,3.1,0.755,1.5,3.4,5.4,3.7,2.3,1.4,0.8,0.8,2.4,2.4,13.3,-9.2,27.3,3,1,25.8,218,382,32,513,48,144,118,387,247,185,408,98,87,330,95,142,129,111,66,39,88,66,83,106,137,566,115,134,20,123,1,0.186,-13.8,0.07,0.51,0.15,0.07,103.22,80,195.0,Bilal Coulibaly,WAS,22.3,15.2,2.2,2,Большой (Big Man),5.4906454,7.4193463
202687,Bismack Biyombo,Bismack,1610612759,SAS,33.0,26,10,18,0.357,18.8,2.4,4.1,0.573,0.0,0.0,0.0,0.4,0.9,0.397,1.5,4.1,5.1,1.0,0.9,0.5,0.7,0.4,1.9,1.0,4.6,-2.7,16.8,3,0,14.7,416,419,345,425,297,328,382,46,499,542,499,451,355,537,96,96,97,364,262,319,71,228,203,300,375,482,285,134,44,314,1,0.117,-9.2,0.08,0.563,0.079,0.144,100.23,80,255.0,Bismack Biyombo,SAS,11.0,5.1,1.2,0,Звезда лиги,3.960545,1.5814874
1631104,Blake Wesley,Blake,1610612759,SAS,23.0,64,23,35,0.397,11.8,1.4,3.2,0.432,0.3,1.0,0.301,0.7,1.1,0.615,0.3,0.8,1.2,2.2,1.0,0.7,0.1,0.2,0.8,1.0,4.0,-1.6,9.2,0,0,8.5,223,265,116,394,427,433,437,329,422,419,394,351,303,472,477,504,504,221,271,283,449,373,462,312,439,248,431,281,44,438,1,0.15,0.5,0.066,0.523,0.225,0.044,101.92,75,185.0,Blake Wesley,SAS,7.2,5.1,0.8,4,Ролевой игрок,10.1053505,7.0525885
1626171,Bobby Portis,Bobby,1610612749,MIL,31.0,46,30,19,0.612,25.4,5.7,12.1,0.455,1.3,3.6,0.38,1.2,1.5,0.83,1.8,6.6,8.2,2.0,1.2,0.7,0.5,0.6,1.9,1.5,13.5,0.7,29.7,11,0,28.2,293,196,329,150,174,87,93,224,191,192,190,208,235,129,67,24,26,198,208,237,136,116,188,205,115,124,98,55,44,104,1,0.243,3.4,0.131,0.536,0.126,0.156,101.2,82,250.0,Bobby Portis,MIL,23.7,14.5,1.2,2,Большой (Big Man),4.9578376,4.947731
203992,Bogdan Bogdanović,Bogdan,1610612746,LAC,33.0,46,33,21,0.611,25.0,3.9,9.1,0.43,1.9,5.4,0.37,1.1,1.2,0.88,0.4,2.5,2.7,2.5,1.3,0.8,0.2,0.2,2.4,1.4,10.2,2.8,19.9,1,0,20.3,258,166,297,153,180,173,153,366,94,95,198,245,274,70,413,269,314,144,160,218,361,376,84,234,165,122,218,198,44,194,2,0.169,2.7,0.074,0.547,0.152,0.057,101.35,77,225.0,Bogdan Bogdanović,LAC,15.1,11.4,1.0,1,Плеймейкер,6.971983,3.6407998
1629626,Bol Bol,Bol,1610612756,PHX,26.0,29,10,26,0.278,12.5,2.7,5.1,0.517,0.9,2.6,0.358,0.6,0.7,0.761,0.6,2.3,2.9,0.6,0.6,0.3,0.7,0.0,0.6,0.5,6.8,-1.5,13.4,1,0,13.1,370,419,237,470,411,289,326,89,289,289,262,389,398,273,354,294,319,468,404,471,89,522,502,442,308,341,350,198,44,343,1,0.194,-3.9,0.114,0.629,0.071,0.113,102.75,87,220.0,Bol Bol,PHX,10.7,7.1,1.0,1,Плеймейкер,8.198125,5.035911
1630538,Bones Hyland,Bones,1610612750,MIN,25.0,23,11,13,0.458,9.9,2.0,4.9,0.413,1.3,3.4,0.403,1.0,1.1,0.873,0.2,0.8,1.0,1.4,1.0,0.8,0.2,0.2,1.2,0.7,6.5,-2.7,11.2,0,0,11.8,432,407,403,329,459,370,337,450,188,215,113,265,298,59,511,493,505,322,238,219,398,388,377,387,336,370,388,281,44,370,2,0.279,-6.1,0.108,0.573,0.246,0.051,98.61,74,169.0,Bones Hyland,MIN,8.9,7.2,1.0,1,Плеймейкер,7.921644,6.667796
203078,Bradley Beal,Bradley,1610612756,PHX,33.0,47,22,31,0.415,32.1,6.5,13.1,0.487,1.9,5.0,0.392,2.1,2.6,0.807,0.6,2.7,3.3,3.7,1.9,1.1,0.5,0.4,2.6,2.2,17.1,-4.0,29.5,1,0,29.2,263,274,158,377,67,71,79,138,96,111,119,109,116,210,324,235,264,97,92,79,138,226,46,125,77,519,100,198,44,97,1,0.208,-8.0,0.093,0.602,0.177,0.054,100.02,76,207.0,Bradley Beal,PHX,23.8,19.0,1.6,2,Большой (Big Man),4.286292,6.659282
1642382,Branden Carlson,Branden,1610612760,OKC,27.0,26,29,3,0.906,7.7,1.3,3.0,0.454,0.7,2.1,0.335,0.4,0.6,0.772,0.5,1.2,1.8,0.4,0.2,0.2,0.8,0.1,0.7,0.4,4.1,-1.0,8.7,1,0,8.3,397,212,521,12,488,442,447,300,328,330,297,426,438,252,368,447,432,502,520,507,102,458,481,470,438,150,449,198,44,446,1,0.172,9.4,0.101,0.577,0.077,0.099,103.83,84,220.0,Branden Carlson,OKC,7.1,4.3,1.0,1,Плеймейкер,10.038605,5.802954
1641764,Brandin Podziemski,Brandin,1610612744,GSW,23.0,61,38,26,0.594,26.8,4.4,9.8,0.441,1.8,4.8,0.366,1.1,1.5,0.754,1.0,4.1,5.4,3.6,1.3,1.2,0.2,0.4,1.5,1.9,12.3,1.2,25.6,2,0,24.5,170,110,237,182,153,146,135,292,115,122,166,230,236,298,180,100,119,107,204,82,362,221,317,146,150,62,132,159,44,136,1,0.167,6.6,0.114,0.569,0.194,0.089,100.36,76,205.0,Brandin Podziemski,GSW,21.4,14.1,1.4,2,Большой (Big Man),5.459663,4.1719313
1630527,Brandon Boston,Brandon,1610612740,NOP,24.0,44,8,34,0.19,23.6,4.0,9.1,0.427,1.2,3.3,0.34,1.6,2.0,0.793,0.7,2.5,3.4,2.4,1.3,1.4,0.2,0.6,1.7,1.6,11.4,-1.0,21.0,0,0,20.2,330,445,124,531,210,169,155,328,219,220,244,159,163,237,309,266,281,191,188,46,349,141,236,187,168,471,198,281,44,195,1,0.209,-6.2,0.085,0.538,0.14,0.065,99.87,78,188.0,Brandon Boston,NOP,17.5,12.6,1.6,2,Большой (Big Man),5.958432,6.373751
1629634,Brandon Clarke,Brandon,1610612763,MEM,29.0,67,40,24,0.625,18.9,3.7,5.9,0.622,0.0,0.3,0.054,1.0,1.4,0.712,2.0,3.1,5.2,1.0,0.6,0.8,0.6,0.3,2.3,1.2,8.4,2.3,19.5,2,0,17.2,170,89,271,127,295,189,290,32,498,505,497,266,256,392,57,182,118,381,366,193,125,264,106,252,254,93,231,159,44,263,1,0.142,8.2,0.108,0.649,0.072,0.126,105.54,80,215.0,Brandon Clarke,MEM,15.4,8.9,1.4,0,Звезда лиги,4.141052,2.4330876
1641706,Brandon Miller,Brandon,1610612766,CHA,23.0,20,8,19,0.296,34.2,7.3,18.2,0.396,3.9,10.9,0.351,2.5,2.9,0.861,0.9,3.9,5.5,4.0,3.1,1.2,0.8,0.8,2.7,2.7,23.4,-2.5,34.9,2,0,37.0,421,445,329,461,34,49,19,437,4,3,226,85,100,92,220,109,135,100,32,84,78,67,34,91,43,509,64,159,44,42,1,0.26,-6.8,0.1,0.542,0.182,0.068,98.77,79,200.0,Brandon Miller,CHA,31.8,25.4,2.0,3,3-and-D игрок,2.9169176,6.577546
1630314,Brandon Williams,Brandon,1610612742,DAL,26.0,35,15,18,0.455,14.8,3.0,5.7,0.507,0.7,1.8,0.386,1.7,2.0,0.826,0.4,1.4,1.8,2.3,1.2,0.7,0.2,0.6,1.0,1.7,8.4,-0.6,15.4,0,0,14.9,390,349,345,339,373,261,302,90,317,356,78,142,165,131,442,417,426,176,203,232,412,125,416,165,256,214,315,281,44,308,1,0.231,0.7,0.119,0.623,0.228,0.059,104.74,73,190.0,Brandon Williams,DAL,12.2,9.6,0.9,1,Плеймейкер,7.5787063,5.553483
1641729,Brice Sensabaugh,Brice,1610612762,UTA,22.0,74,14,57,0.197,20.2,3.9,8.4,0.473,2.2,5.2,0.431,0.9,1.0,0.896,0.6,2.4,3.3,1.6,1.6,0.7,0.1,0.4,1.6,0.8,11.8,-1.3,17.5,0,0,19.1,108,364,4,524,268,175,171,245,63,99,42,279,310,53,338,288,312,281,137,280,442,239,291,362,164,497,270,281,44,218,1,0.221,-9.6,0.087,0.601,0.117,0.069,103.21,77,235.0,Brice Sensabaugh,UTA,15.9,12.6,0.8,2,Большой (Big Man),6.964154,5.9845605
1642355,Bronny James,Bronny,1610612747,LAL,21.0,34,17,10,0.63,6.7,0.8,2.5,0.314,0.3,1.2,0.282,0.4,0.5,0.788,0.1,0.5,0.7,0.8,0.5,0.3,0.1,0.2,0.5,0.4,2.4,-3.1,5.2,0,0,5.0,421,323,443,123,505,497,475,531,408,398,408,434,447,239,534,533,536,431,425,434,443,412,513,481,492,443,506,281,44,501,1,0.187,-18.6,0.05,0.42,0.191,0.048,99.45,75,210.0,Bronny James,LAL,3.8,2.8,0.4,4,Ролевой игрок,10.943292,8.391995
201572,Brook Lopez,Brook,1610612749,MIL,38.0,81,47,33,0.588,31.8,4.9,9.7,0.52,1.7,4.7,0.385,1.4,1.7,0.835,1.4,3.6,4.4,1.6,1.0,0.5,1.7,0.3,2.1,1.7,11.5,-1.0,28.1,4,0,26.5,16,36,130,191,73,122,140,107,127,131,162,179,204,150,108,126,124,242,236,288,6,348,141,176,124,133,111,116,44,115,1,0.167,2.2,0.087,0.631,0.078,0.078,100.24,85,282.0,Brook Lopez,MIL,18.7,12.3,2.2,0,Звезда лиги,4.2768736,2.8861518
1628971,Bruce Brown,Bruce,1610612740,NOP,29.0,35,15,26,0.366,22.5,3.2,7.5,0.434,0.7,2.0,0.345,1.3,1.6,0.804,1.0,3.0,4.0,2.0,1.0,0.8,0.2,0.5,1.7,1.2,8.3,-2.9,18.4,0,0,17.1,336,349,237,416,225,238,218,391,337,341,297,200,222,179,197,195,191,203,265,184,319,155,238,268,258,529,256,281,44,264,2,0.159,-11.9,0.078,0.5,0.133,0.085,100.19,76,202.0,Bruce Brown,NOP,14.3,9.3,1.0,4,Ролевой игрок,7.5971622,7.7006984
1642267,Bub Carrington,Bub,1610612764,WAS,20.0,82,18,64,0.22,30.0,3.7,9.1,0.414,1.7,5.0,0.346,0.8,1.0,0.818,0.4,3.8,4.6,4.8,1.8,0.8,0.3,0.3,2.3,1.4,10.6,-7.0,22.5,5,0,22.0,1,312,1,514,102,192,152,444,142,113,281,286,308,192,425,114,181,71,109,269,306,324,94,233,198,564,177,106,44,167,1,0.166,-15.2,0.071,0.519,0.213,0.064,103.06,76,190.0,Bub Carrington,WAS,19.3,13.0,1.1,2,Большой (Big Man),5.8375697,7.2788663
1627741,Buddy Hield,Buddy,1610612744,GSW,33.0,82,48,34,0.585,22.7,4.0,9.6,0.426,2.5,6.7,0.381,0.6,0.8,0.821,0.6,2.6,3.2,1.6,1.1,0.8,0.3,0.4,1.6,0.6,11.0,1.2,19.7,0,0,20.7,1,30,124,195,221,167,141,402,42,41,174,353,383,146,329,247,279,266,222,178,285,241,275,426,157,132,226,281,44,188,1,0.193,2.2,0.085,0.559,0.106,0.066,100.82,76,220.0,Buddy Hield,GSW,15.8,11.8,1.1,1,Плеймейкер,6.9824514,3.8411648
203468,CJ McCollum,CJ,1610612740,NOP,34.0,62,17,39,0.304,32.7,7.9,17.9,0.431,3.1,8.2,0.373,2.2,3.1,0.71,0.8,3.0,3.5,3.7,1.7,0.7,0.4,0.7,2.2,2.4,19.2,-3.5,33.6,0,0,34.5,246,323,68,454,53,35,26,297,18,20,163,102,92,373,273,193,211,85,87,190,201,96,121,105,41,513,69,281,44,60,1,0.271,-7.1,0.097,0.555,0.192,0.056,101.56,75,190.0,CJ McCollum,NOP,25.8,21.0,1.1,2,Большой (Big Man),4.184985,6.985201
1630595,Cade Cunningham,Cade,1610612765,DET,24.0,71,38,32,0.543,35.0,9.8,20.8,0.474,2.1,6.0,0.369,4.5,5.3,0.839,0.8,5.3,6.4,9.5,4.6,1.0,0.8,1.4,2.8,4.0,27.3,2.6,48.0,31,9,47.0,118,110,143,236,23,4,4,212,75,63,219,24,26,115,262,47,78,4,2,99,76,3,26,36,9,105,8,18,5,8,1,0.32,2.8,0.152,0.554,0.409,0.086,101.57,78,220.0,Cade Cunningham,DET,40.4,32.0,1.8,3,3-and-D игрок,2.1113605,6.147094
1631216,Caleb Houstan,Caleb,1610612753,ORL,23.0,58,29,29,0.5,13.6,1.4,3.3,0.412,1.1,2.8,0.397,0.3,0.3,0.883,0.3,1.0,1.4,0.6,0.2,0.4,0.1,0.1,1.1,0.3,4.4,0.7,7.8,0,0,8.1,223,212,188,266,394,434,429,388,233,272,78,485,508,62,460,473,482,469,516,418,449,479,404,504,420,355,464,281,44,450,1,0.104,-4.1,0.061,0.617,0.066,0.047,96.82,80,205.0,Caleb Houstan,ORL,6.7,4.7,0.5,1,Плеймейкер,9.952042,4.818626
1628997,Caleb Martin,Caleb,1610612742,DAL,30.0,45,17,28,0.378,27.1,2.9,6.8,0.429,0.8,2.3,0.345,1.4,2.2,0.631,1.2,2.8,4.1,2.2,1.2,1.0,0.5,0.3,1.9,1.8,8.2,-2.9,19.2,1,0,17.8,318,323,209,405,147,273,253,374,299,317,212,194,146,474,147,228,197,200,184,97,146,270,185,156,266,477,237,198,44,245,2,0.156,-6.3,0.063,0.52,0.116,0.073,98.64,77,205.0,Caleb Martin,DAL,14.8,9.3,1.5,2,Большой (Big Man),7.154371,7.5442104
1629629,Cam Reddish,Cam,1610612747,LAL,26.0,37,15,18,0.455,17.9,1.2,2.8,0.414,0.4,1.4,0.288,0.5,0.8,0.622,0.5,1.5,2.0,0.7,0.4,1.0,0.3,0.2,1.3,0.7,3.3,-0.7,10.1,0,0,8.8,390,349,345,339,317,463,457,436,396,385,415,410,380,478,376,403,410,451,466,101,270,442,357,391,463,447,413,281,44,432,1,0.084,-8.4,0.04,0.484,0.049,0.056,100.53,79,217.0,Cam Reddish,LAL,6.9,3.6,1.3,4,Ролевой игрок,10.770239,7.667752
1642285,Cam Spencer,Cam,1610612763,MEM,26.0,20,14,11,0.56,10.1,1.4,3.3,0.402,0.8,2.1,0.361,0.8,0.8,1.0,0.5,0.7,1.3,1.5,0.2,0.4,0.0,0.0,0.9,0.6,4.4,3.5,8.7,0,0,8.4,427,364,425,221,456,437,428,407,309,328,189,317,390,1,396,508,491,315,512,428,513,521,434,427,411,134,451,281,44,443,1,0.14,6.8,0.087,0.595,0.182,0.056,103.04,76,205.0,Cam Spencer,MEM,7.4,5.2,0.4,1,Плеймейкер,10.056975,4.5788164
1630560,Cam Thomas,Cam,1610612751,BKN,24.0,28,8,17,0.32,31.2,8.0,18.2,0.427,2.7,7.8,0.334,5.3,6.0,0.867,0.6,2.7,3.4,3.9,2.6,0.6,0.1,1.1,1.8,4.6,24.8,-3.8,33.1,1,0,35.1,427,445,360,446,85,33,20,315,33,24,250,13,18,66,335,232,268,92,49,303,480,16,228,23,24,486,74,198,44,55,1,0.334,-5.7,0.122,0.586,0.217,0.054,96.1,75,210.0,Cam Thomas,BKN,30.2,26.8,0.7,3,3-and-D игрок,3.6405642,7.065906
1641715,Cam Whitmore,Cam,1610612745,HOU,21.0,49,30,21,0.588,16.2,3.5,7.9,0.431,1.3,3.6,0.355,1.1,1.4,0.753,0.7,2.3,3.1,1.0,0.9,0.6,0.3,0.6,0.9,0.9,9.8,-0.5,16.0,2,0,16.3,275,196,297,186,345,203,195,296,195,201,224,248,248,310,288,306,311,402,276,297,307,134,451,325,211,239,299,159,44,283,1,0.243,1.1,0.108,0.548,0.09,0.086,100.93,79,230.0,Cam Whitmore,HOU,13.9,10.3,0.9,1,Плеймейкер,7.9686813,6.8651357
1629661,Cameron Johnson,Cameron,1610612751,BKN,30.0,63,21,36,0.368,31.6,6.2,13.1,0.471,2.8,7.2,0.376,3.5,3.9,0.888,0.9,3.4,4.5,3.6,1.8,0.9,0.4,0.6,1.8,3.0,19.7,-3.3,31.4,2,0,32.0,232,280,106,414,79,78,78,194,31,33,115,44,63,51,209,149,166,109,103,138,197,117,215,71,60,480,87,159,44,75,1,0.228,-5.8,0.124,0.643,0.179,0.07,97.41,80,210.0,Cameron Johnson,BKN,27.3,21.5,1.3,2,Большой (Big Man),4.0030704,6.570279
1626166,Cameron Payne,Cameron,1610612752,NYK,31.0,70,46,26,0.639,15.1,2.5,6.2,0.389,1.3,3.6,0.376,0.7,0.8,0.899,0.2,1.3,1.5,2.9,0.7,0.5,0.2,0.2,1.5,0.8,7.2,2.1,14.5,0,0,14.0,95,45,237,106,364,311,279,441,194,206,199,348,393,36,521,432,465,138,335,337,334,426,303,338,300,92,327,281,44,330,1,0.203,9.1,0.089,0.536,0.251,0.047,100.23,75,183.0,Cameron Payne,NYK,11.6,8.6,0.7,1,Плеймейкер,9.321346,6.9653673
1627747,Caris LeVert,Caris,1610612737,ATL,31.0,61,46,18,0.719,24.9,4.4,9.4,0.461,1.7,4.4,0.383,1.7,2.4,0.724,0.6,2.5,3.1,3.3,1.2,0.9,0.5,0.4,1.5,1.7,11.7,3.6,24.0,1,0,23.1,170,45,345,66,181,146,145,220,145,145,160,137,130,386,325,264,284,113,201,156,142,213,302,172,142,66,154,198,44,150,2,0.177,7.2,0.094,0.596,0.178,0.062,103.21,78,205.0,Caris LeVert,ATL,18.3,13.4,1.4,2,Большой (Big Man),6.53317,3.561531
1641717,Cason Wallace,Cason,1610612760,OKC,22.0,60,55,13,0.809,27.6,3.4,7.2,0.48,1.1,3.1,0.362,0.4,0.5,0.821,1.0,2.3,3.8,2.8,1.0,2.0,0.6,0.5,2.1,0.6,9.3,4.0,22.2,0,0,19.9,138,11,403,30,135,209,234,197,241,248,222,425,441,193,175,299,260,156,289,8,144,193,142,412,253,30,181,281,44,202,1,0.136,10.1,0.075,0.559,0.117,0.057,101.87,75,195.0,Cason Wallace,OKC,17.5,10.7,2.6,2,Большой (Big Man),6.9509387,3.0249617
1629646,Charles Bassey,Charles,1610612759,SAS,25.0,32,14,22,0.389,10.4,1.9,3.3,0.586,0.0,0.0,0.0,0.6,0.9,0.638,1.6,2.7,4.5,0.5,0.6,0.4,0.8,0.2,1.4,0.7,4.7,-4.0,13.2,2,0,11.5,370,364,288,397,452,379,432,49,499,542,499,376,348,463,93,239,176,493,369,412,69,408,338,382,403,484,353,159,44,376,1,0.17,-15.9,0.113,0.59,0.072,0.185,105.46,82,230.0,Charles Bassey,SAS,10.3,5.0,1.2,0,Звезда лиги,3.9516215,1.6615889
1631096,Chet Holmgren,Chet,1610612760,OKC,24.0,24,26,6,0.813,27.4,5.2,10.7,0.496,1.4,3.6,0.384,3.2,4.2,0.766,1.5,6.5,8.3,2.1,1.9,0.7,2.3,1.1,2.3,3.0,15.5,7.1,34.6,11,0,32.2,397,240,481,27,138,112,116,151,184,193,138,64,51,305,100,25,35,219,98,236,3,21,110,73,95,2,66,55,44,72,1,0.21,16.1,0.122,0.613,0.091,0.136,103.83,85,208.0,Chet Holmgren,OKC,27.0,16.6,3.0,0,Звезда лиги,3.32905,4.141028
1628449,Chris Boucher,Chris,1610612761,TOR,33.0,55,18,32,0.36,17.2,3.6,7.4,0.486,1.4,3.9,0.357,1.4,1.7,0.784,1.4,3.1,4.4,0.7,0.6,0.5,0.5,0.4,1.4,1.4,9.7,-1.1,18.8,3,0,18.5,283,312,143,424,328,194,226,150,180,183,202,192,201,246,110,185,161,459,391,367,149,240,344,226,191,229,247,134,44,236,1,0.203,-0.2,0.126,0.626,0.057,0.125,99.28,81,200.0,Chris Boucher,TOR,15.2,10.0,1.0,1,Плеймейкер,7.5841045,5.2569346
1641753,Chris Livingston,Chris,1610612749,MIL,22.0,25,15,6,0.714,5.0,0.4,1.3,0.337,0.0,0.4,0.0,0.6,0.8,0.745,0.5,1.2,1.9,0.2,0.3,0.2,0.0,0.2,0.4,0.5,1.6,-2.3,4.2,0,0,3.8,445,349,481,68,527,540,538,514,499,492,499,384,389,310,397,442,434,541,499,481,519,363,528,457,533,376,520,281,44,522,1,0.146,-12.6,0.099,0.45,0.078,0.148,104.34,78,220.0,Chris Livingston,MIL,3.6,1.7,0.2,4,Ролевой игрок,11.171958,8.244512
101108,Chris Paul,Chris,1610612759,SAS,41.0,81,34,48,0.415,28.0,3.0,7.1,0.42,1.7,4.5,0.379,1.0,1.1,0.937,0.4,3.2,3.5,7.1,1.5,1.2,0.3,0.1,1.8,1.0,8.4,2.0,27.2,12,0,24.6,1,157,23,378,125,252,237,365,137,141,143,251,290,28,425,169,234,8,128,48,298,472,209,296,233,233,116,53,44,135,1,0.137,-0.8,0.102,0.593,0.342,0.062,100.48,72,175.0,Chris Paul,SAS,19.0,12.0,1.5,2,Большой (Big Man),5.565817,4.102978
1631128,Christian Braun,Christian,1610612743,DEN,25.0,82,48,31,0.608,33.9,6.0,10.4,0.586,1.1,2.8,0.387,2.2,2.7,0.831,1.2,3.9,5.3,2.7,1.0,1.1,0.5,0.8,2.2,1.8,15.8,5.5,29.1,6,0,27.4,23,30,158,160,37,81,119,50,228,266,93,100,112,148,137,105,114,153,245,83,173,65,135,155,90,22,106,93,44,108,1,0.151,8.2,0.096,0.668,0.096,0.077,101.04,78,220.0,Christian Braun,DEN,24.4,17.2,1.6,2,Большой (Big Man),5.6466627,3.759848
1631132,Christian Koloko,Christian,1610612747,LAL,26.0,30,23,14,0.622,9.2,1.1,1.8,0.618,0.0,0.1,0.0,0.3,0.4,0.701,0.9,1.5,2.6,0.4,0.3,0.2,0.4,0.2,1.2,0.6,2.5,-1.4,7.7,0,0,6.6,361,265,392,136,463,469,507,36,499,520,499,481,484,374,210,401,364,503,488,492,199,382,383,424,488,249,466,281,44,473,1,0.096,-1.3,0.082,0.624,0.068,0.129,101.19,84,225.0,Christian Koloko,LAL,5.8,2.7,0.6,0,Звезда лиги,4.296994,1.6058724
203991,Clint Capela,Clint,1610612737,ATL,32.0,58,27,28,0.491,21.4,4.0,7.1,0.548,0.0,0.0,0.0,0.9,1.8,0.526,3.2,5.4,8.1,1.1,0.9,0.6,1.0,0.7,1.9,1.6,8.5,0.0,24.7,11,0,21.7,253,232,209,297,244,168,238,62,499,539,499,270,196,501,14,44,25,358,297,292,53,107,186,183,231,382,143,55,44,171,1,0.149,-2.7,0.117,0.575,0.073,0.183,105.23,82,256.0,Clint Capela,ATL,18.4,9.0,1.6,0,Звезда лиги,3.717952,2.0681036
1629632,Coby White,Coby,1610612741,CHI,26.0,74,35,39,0.473,33.1,6.9,15.1,0.454,2.9,7.9,0.362,3.7,4.1,0.907,0.3,3.4,3.9,4.8,2.5,1.0,0.2,1.0,2.1,3.6,21.6,-1.1,32.6,2,0,33.8,71,149,68,311,46,59,53,267,25,22,173,39,52,40,455,153,224,67,56,136,345,26,154,47,47,401,78,159,44,65,1,0.246,-2.5,0.103,0.606,0.197,0.053,105.37,77,195.0,Coby White,CHI,29.0,24.0,1.2,3,3-and-D игрок,3.3504682,6.8854537
1628998,Cody Martin,Cody,1610612756,PHX,30.0,53,16,37,0.302,22.1,2.6,6.1,0.407,0.8,2.8,0.279,0.8,1.2,0.693,1.0,3.2,4.1,2.0,1.0,1.1,0.6,0.3,1.8,1.2,6.6,-3.2,18.8,0,0,17.1,263,340,96,455,230,300,284,399,302,264,405,296,285,389,183,166,174,217,263,86,117,321,222,272,309,407,244,281,44,267,2,0.152,-3.2,0.08,0.522,0.128,0.088,101.2,78,205.0,Cody Martin,PHX,13.4,7.6,1.7,4,Ролевой игрок,7.229426,7.576812
1642262,Cody Williams,Cody,1610612762,UTA,21.0,42,9,41,0.18,21.2,1.7,5.1,0.32,0.7,2.7,0.266,0.6,0.8,0.722,0.5,1.7,2.5,1.3,1.0,0.5,0.3,0.3,1.9,0.6,5.0,-7.3,10.5,0,0,10.3,283,434,54,534,252,405,320,524,324,279,430,379,375,355,363,377,381,346,284,375,260,268,194,411,392,545,405,281,44,398,1,0.118,-15.5,0.021,0.427,0.078,0.049,103.19,79,190.0,Cody Williams,UTA,8.6,5.6,0.8,4,Ролевой игрок,10.871947,8.296104
1641732,Colby Jones,Colby,1610612764,WAS,24.0,40,12,27,0.308,13.2,1.5,3.3,0.459,0.4,1.3,0.313,0.6,0.9,0.643,0.5,1.7,2.3,1.2,0.6,0.7,0.3,0.3,0.9,0.8,4.2,-3.8,10.8,1,0,9.8,353,393,222,450,398,424,426,254,392,395,320,374,352,453,364,384,388,356,385,259,248,344,430,339,427,453,397,198,44,409,2,0.133,-10.4,0.078,0.537,0.123,0.08,99.47,78,207.0,Colby Jones,WAS,8.1,4.8,1.0,4,Ролевой игрок,9.675926,6.453748
1630175,Cole Anthony,Cole,1610612763,MEM,26.0,68,35,32,0.522,18.4,3.4,8.1,0.431,1.1,3.3,0.361,1.4,1.7,0.809,0.7,2.4,3.0,2.9,1.5,0.7,0.5,0.2,2.3,1.6,9.5,-0.5,19.2,0,0,18.7,147,149,143,254,313,206,186,376,223,227,234,185,212,159,302,290,297,134,132,258,169,387,109,191,210,252,235,281,44,228,1,0.232,-1.2,0.105,0.532,0.253,0.08,97.7,74,185.0,Cole Anthony,MEM,15.1,11.0,1.2,2,Большой (Big Man),6.336568,6.6102753
1630658,Colin Castleton,Colin,1610612761,TOR,26.0,20,15,11,0.577,16.6,1.8,3.8,0.478,0.1,0.6,0.139,1.1,1.5,0.76,2.0,2.7,5.0,1.2,1.0,0.3,0.4,0.5,2.0,1.2,5.0,-1.9,13.2,0,0,12.0,424,349,425,204,338,393,396,213,480,474,493,236,238,285,53,243,145,368,283,449,226,201,181,265,388,357,352,281,44,367,3,0.132,-2.1,0.074,0.543,0.092,0.123,102.22,82,250.0,Colin Castleton,TOR,10.9,5.6,0.7,4,Ролевой игрок,9.718553,5.6882243
1631221,Collin Gillespie,Collin,1610612756,PHX,27.0,28,12,21,0.364,14.0,2.1,4.8,0.421,1.2,2.7,0.438,0.6,0.7,0.869,0.7,1.7,2.6,2.6,0.5,0.6,0.2,0.3,0.9,0.8,6.3,-1.2,14.1,1,0,13.4,390,393,297,419,385,360,347,346,213,278,28,380,406,89,309,383,377,170,412,284,412,300,440,365,352,321,336,198,44,342,1,0.161,-2.8,0.105,0.573,0.235,0.086,98.66,73,195.0,Collin Gillespie,PHX,11.8,7.6,0.8,1,Плеймейкер,8.630309,6.2723484
1629012,Collin Sexton,Collin,1610612762,UTA,27.0,55,14,49,0.222,27.9,6.6,13.8,0.473,1.7,4.3,0.402,3.4,4.0,0.865,1.0,1.8,2.8,4.3,2.6,0.7,0.1,1.2,2.3,3.5,19.0,-4.3,27.9,2,0,28.7,185,364,19,509,126,66,69,178,123,155,67,50,59,88,207,371,340,79,46,227,468,9,100,51,66,508,113,159,44,101,1,0.262,-7.5,0.106,0.604,0.246,0.047,101.38,75,190.0,Collin Sexton,UTA,24.3,21.2,0.8,2,Большой (Big Man),3.7743092,7.0391917
1630557,Corey Kispert,Corey,1610612764,WAS,27.0,61,14,47,0.23,26.3,4.2,9.3,0.437,2.0,5.4,0.359,1.2,1.4,0.858,0.6,2.4,3.0,1.7,1.0,0.4,0.2,0.6,1.6,1.0,11.6,-1.7,18.6,0,0,19.5,201,364,29,507,159,157,147,274,91,94,195,210,243,103,339,285,310,259,237,399,331,148,278,310,152,507,254,281,44,210,1,0.18,-8.5,0.074,0.573,0.094,0.053,102.68,78,224.0,Corey Kispert,WAS,15.9,12.4,0.6,1,Плеймейкер,8.15111,6.5195208
202709,Cory Joseph,Cory,1610612753,ORL,34.0,44,26,24,0.52,12.2,1.2,3.1,0.404,0.8,2.1,0.362,0.3,0.4,0.781,0.3,1.1,1.4,1.4,0.4,0.5,0.1,0.1,1.0,0.8,3.4,2.6,8.9,0,0,8.4,283,240,271,256,420,458,444,438,308,324,194,477,488,252,454,452,459,297,468,345,480,483,416,363,450,184,441,281,44,442,1,0.122,3.6,0.075,0.532,0.166,0.06,98.59,74,200.0,Cory Joseph,ORL,6.4,4.1,0.6,1,Плеймейкер,10.974113,5.8764467
1641854,Craig Porter Jr.,Craig,1610612739,CLE,26.0,51,40,11,0.784,10.1,1.4,2.7,0.509,0.4,0.9,0.425,0.5,0.6,0.729,0.4,0.9,1.3,1.4,0.7,0.3,0.3,0.4,0.5,0.5,3.7,1.0,8.5,0,0,8.1,275,89,425,43,457,429,464,103,391,439,21,420,421,366,440,478,479,312,327,434,275,229,512,462,443,322,454,281,44,452,1,0.161,-5.2,0.091,0.621,0.191,0.063,100.91,73,180.0,Craig Porter Jr.,CLE,6.3,4.4,0.6,1,Плеймейкер,8.968037,5.06003
1626156,D'Angelo Russell,D'Angelo,1610612751,BKN,30.0,58,26,32,0.448,25.5,4.3,11.0,0.395,1.9,6.2,0.311,2.1,2.5,0.841,0.3,2.4,2.7,4.9,1.8,1.0,0.4,0.2,2.0,2.4,12.1,-1.2,25.9,4,0,25.2,223,240,143,348,172,152,111,468,93,55,353,107,123,130,452,278,333,47,93,122,222,359,175,109,130,236,129,116,44,128,2,0.218,-1.5,0.098,0.525,0.302,0.053,99.59,75,193.0,D'Angelo Russell,BKN,19.3,14.6,1.4,2,Большой (Big Man),5.299282,6.420173
1629610,DaQuan Jeffries,DaQuan,1610612766,CHA,28.0,52,9,38,0.191,22.8,2.5,6.2,0.404,1.2,3.5,0.326,0.5,0.6,0.804,0.8,2.1,2.9,1.1,0.7,0.6,0.5,0.4,2.1,0.6,6.8,-2.7,14.4,0,0,14.0,298,434,85,529,218,307,280,432,217,210,292,397,418,213,268,332,323,357,328,331,135,253,150,416,310,536,331,281,44,329,1,0.136,-11.6,0.046,0.506,0.073,0.06,98.04,77,222.0,DaQuan Jeffries,CHA,11.2,7.4,1.1,4,Ролевой игрок,9.589345,7.495521
1630625,Dalano Banton,Dalano,1610612757,POR,26.0,62,28,39,0.418,16.7,3.0,7.6,0.397,1.1,3.3,0.321,1.4,1.9,0.717,0.4,1.6,2.1,2.5,1.4,0.6,0.5,0.5,0.9,1.4,8.7,0.7,16.5,0,0,16.1,147,220,68,374,336,264,213,466,245,223,328,193,185,348,411,397,409,166,179,282,148,163,450,229,255,315,290,281,44,285,1,0.228,-1.5,0.089,0.492,0.213,0.056,101.21,80,203.0,Dalano Banton,POR,13.0,10.0,1.1,2,Большой (Big Man),6.9861245,7.13155
1631207,Dalen Terry,Dalen,1610612741,CHI,23.0,73,33,40,0.452,13.5,1.6,3.7,0.443,0.5,1.4,0.341,0.7,0.9,0.711,0.5,1.2,1.8,1.4,0.8,0.6,0.2,0.2,1.6,0.8,4.8,-2.0,10.2,0,0,9.6,86,166,59,345,396,406,401,286,365,384,222,349,338,385,374,443,431,326,332,302,360,367,293,368,398,432,412,281,44,413,1,0.15,-7.6,0.056,0.553,0.136,0.057,106.51,79,195.0,Dalen Terry,CHI,8.0,5.5,0.8,1,Плеймейкер,9.5266905,6.475466
1642261,Dalton Knecht,Dalton,1610612747,LAL,25.0,78,47,31,0.603,19.2,3.3,7.1,0.46,1.6,4.4,0.376,0.8,1.1,0.76,0.5,2.3,3.0,0.9,0.5,0.3,0.1,0.3,1.2,0.7,9.8,-0.6,14.4,0,0,15.1,35,36,158,165,290,224,236,235,148,150,145,291,299,288,399,301,334,424,426,449,454,262,381,377,221,326,329,281,44,304,1,0.168,-2.8,0.087,0.585,0.067,0.073,98.26,78,215.0,Dalton Knecht,LAL,13.6,10.2,0.4,1,Плеймейкер,8.655197,5.8230352
203081,Damian Lillard,Damian,1610612749,MIL,35.0,51,32,26,0.552,36.1,7.7,17.1,0.462,3.4,9.0,0.365,6.2,6.8,0.93,0.5,4.2,4.3,6.4,2.5,1.1,0.2,0.7,1.7,5.2,22.5,3.1,42.5,14,2,42.9,223,179,237,228,12,38,31,287,10,11,147,6,12,30,378,89,146,14,35,56,393,79,255,14,14,174,21,40,15,17,1,0.274,0.7,0.144,0.616,0.299,0.063,100.86,74,195.0,Damian Lillard,MIL,32.0,25.7,1.3,3,3-and-D игрок,1.8695396,6.875172
1627814,Damion Lee,Damion,1610612756,PHX,33.0,25,6,19,0.24,5.8,1.1,3.0,0.353,0.4,1.5,0.228,0.8,0.8,0.966,0.1,0.7,0.8,0.4,0.4,0.2,0.0,0.1,0.2,0.5,3.2,0.7,5.3,0,0,5.4,427,473,329,501,516,470,452,496,403,378,447,302,367,24,539,516,529,500,454,480,519,462,544,456,458,168,503,281,44,495,1,0.283,6.0,0.089,0.511,0.121,0.064,104.99,78,210.0,Damion Lee,PHX,4.2,3.4,0.2,4,Ролевой игрок,10.363684,7.0596633
1629655,Daniel Gafford,Daniel,1610612742,DAL,27.0,53,28,29,0.491,21.5,5.0,7.1,0.707,0.0,0.0,0.007,2.4,3.4,0.7,2.7,4.1,7.1,1.5,1.3,0.4,1.9,0.5,2.7,2.7,12.8,0.5,28.0,8,0,24.9,232,220,188,295,241,121,241,8,499,542,499,97,79,410,27,99,59,308,211,406,7,160,36,87,139,189,112,77,44,129,1,0.189,1.5,0.141,0.73,0.097,0.149,101.73,82,265.0,Daniel Gafford,DAL,22.4,13.6,2.3,0,Звезда лиги,3.3590093,2.6690106
1628464,Daniel Theis,Daniel,1610612740,NOP,34.0,40,10,28,0.263,16.3,1.6,3.4,0.473,0.2,1.0,0.246,0.8,1.0,0.832,1.2,3.2,4.0,1.5,0.7,0.5,0.5,0.2,1.8,1.2,4.0,-1.9,14.2,1,0,12.4,357,419,209,483,343,416,418,203,441,435,447,293,329,123,151,175,168,277,363,372,140,413,207,266,408,388,333,198,44,359,1,0.111,-5.9,0.081,0.548,0.131,0.122,102.26,80,245.0,Daniel Theis,NOP,9.8,4.8,1.0,1,Плеймейкер,9.835864,5.8325152
203957,Dante Exum,Dante,1610612742,DAL,30.0,20,7,13,0.35,18.6,3.2,6.7,0.478,1.2,2.7,0.433,1.2,1.6,0.729,0.2,1.5,1.7,2.7,1.1,0.6,0.2,0.7,1.7,1.6,8.5,-1.0,16.0,0,0,15.8,448,460,403,430,309,235,257,182,222,283,26,221,226,332,514,409,438,139,224,303,415,95,245,193,242,437,301,281,44,289,1,0.192,-6.0,0.083,0.586,0.22,0.042,101.4,77,214.0,Dante Exum,DAL,12.6,9.8,0.8,1,Плеймейкер,7.812118,5.804025
1641727,Dariq Whitehead,Dariq,1610612751,BKN,21.0,22,6,14,0.3,12.3,2.0,4.8,0.399,1.7,3.7,0.451,0.2,0.3,0.597,0.2,1.3,1.7,0.7,0.9,0.3,0.1,0.3,1.1,0.4,6.3,-3.5,8.6,0,0,10.1,448,473,392,456,419,371,344,426,146,188,17,520,517,482,514,432,463,470,323,454,506,302,398,487,359,466,452,281,44,404,1,0.182,-11.1,0.065,0.593,0.078,0.056,103.67,78,220.0,Dariq Whitehead,BKN,8.2,6.6,0.4,1,Плеймейкер,9.017425,6.1511474
1629636,Darius Garland,Darius,1610612739,CLE,26.0,68,60,15,0.8,30.7,7.4,15.7,0.473,2.8,7.1,0.415,3.0,3.4,0.889,0.6,2.2,2.9,6.7,2.5,1.2,0.1,0.6,1.9,3.0,20.5,7.1,35.7,7,0,35.7,59,5,382,32,89,47,49,207,29,36,77,70,80,72,327,312,325,17,48,55,418,139,193,68,45,15,60,87,44,52,1,0.26,9.9,0.126,0.608,0.309,0.045,101.32,73,192.0,Darius Garland,CLE,28.9,23.8,1.3,3,3-and-D игрок,1.6790118,6.831187
1631223,David Roddy,David,1610612745,HOU,25.0,30,9,24,0.273,12.4,1.7,3.8,0.449,0.6,1.8,0.314,0.6,0.8,0.772,0.4,2.2,2.7,1.2,0.8,0.4,0.3,0.3,0.6,0.6,4.9,0.6,10.7,0,0,10.2,390,434,271,475,412,396,394,258,351,352,357,368,380,273,432,324,358,375,357,400,293,328,493,415,390,428,401,281,44,402,3,0.149,-8.2,0.089,0.563,0.121,0.101,104.43,76,255.0,David Roddy,HOU,8.7,5.5,0.7,1,Плеймейкер,10.4216175,5.52238
1630558,Davion Mitchell,Davion,1610612748,MIA,27.0,75,25,49,0.338,27.4,3.0,6.4,0.479,1.1,2.9,0.399,0.8,1.1,0.678,0.5,1.8,2.2,4.8,1.7,1.0,0.2,0.3,2.5,1.8,7.7,1.7,19.9,1,0,18.6,71,252,19,436,137,254,270,217,225,263,90,310,288,407,401,366,382,53,104,119,345,281,57,160,264,243,220,198,44,232,2,0.139,0.3,0.069,0.582,0.237,0.041,98.76,72,202.0,Davion Mitchell,MIA,14.2,10.1,1.2,2,Большой (Big Man),6.707831,3.7121623
1630549,Day'Ron Sharpe,Day'Ron,1610612751,BKN,24.0,55,14,36,0.28,18.1,3.3,6.3,0.51,0.2,0.9,0.251,1.1,1.5,0.745,3.0,3.6,7.2,2.0,1.4,0.9,0.9,0.5,2.3,1.5,8.7,-0.9,22.3,4,0,19.9,283,364,106,469,315,221,275,91,445,444,446,234,237,300,18,124,63,236,182,192,68,154,107,208,265,151,179,116,44,203,1,0.185,2.1,0.134,0.561,0.158,0.174,97.35,81,265.0,Day'Ron Sharpe,BKN,18.3,9.7,1.8,2,Большой (Big Man),5.5142817,4.882458
1628368,De'Aaron Fox,De'Aaron,1610612759,SAS,28.0,59,27,35,0.435,36.1,8.7,18.8,0.45,1.9,6.1,0.307,4.2,5.1,0.825,0.9,3.9,4.8,6.3,2.8,1.5,0.4,0.9,2.6,4.2,23.5,-1.1,41.6,9,0,40.3,192,232,116,361,10,20,14,229,99,56,363,26,29,149,234,108,139,20,34,27,216,41,41,30,28,353,25,71,44,26,2,0.269,-1.2,0.119,0.574,0.262,0.064,102.22,75,185.0,De'Aaron Fox,SAS,33.7,26.6,1.9,3,3-and-D игрок,2.6220732,6.4464397
1629631,De'Andre Hunter,De'Andre,1610612739,CLE,28.0,60,38,26,0.594,27.2,5.6,11.9,0.46,2.5,6.1,0.419,3.4,4.0,0.847,0.7,3.3,4.0,1.4,1.3,0.8,0.2,0.6,2.4,3.3,17.2,1.9,25.7,2,0,26.9,170,110,237,182,142,91,98,210,44,58,74,56,60,112,298,156,188,298,180,209,362,123,72,59,78,145,131,159,44,110,2,0.211,2.0,0.101,0.611,0.077,0.071,104.77,80,221.0,De'Andre Hunter,CLE,22.3,17.9,1.0,2,Большой (Big Man),5.947525,3.784022
201599,DeAndre Jordan,DeAndre,1610612743,DEN,37.0,52,37,19,0.661,12.3,1.6,2.5,0.662,0.0,0.0,0.007,0.5,1.1,0.432,1.5,3.6,4.5,0.8,0.6,0.3,0.4,0.3,1.3,1.2,3.3,0.2,12.8,3,0,11.3,246,124,329,91,418,410,473,23,499,542,499,411,287,536,100,131,120,404,339,463,168,348,351,254,441,316,362,134,44,380,1,0.131,-3.3,0.115,0.609,0.105,0.194,100.07,83,265.0,DeAndre Jordan,DEN,8.7,3.7,0.7,0,Звезда лиги,4.23782,1.6659784
201942,DeMar DeRozan,DeMar,1610612758,SAC,36.0,79,38,39,0.494,35.9,8.1,17.0,0.483,1.1,3.3,0.317,4.9,5.7,0.856,0.6,3.2,3.5,4.0,1.3,0.7,0.4,0.7,1.9,4.1,20.0,2.8,35.8,3,0,34.1,43,110,68,288,15,29,33,187,239,222,314,19,20,95,322,168,205,70,164,196,211,80,183,32,33,141,57,134,44,62,1,0.258,1.5,0.112,0.569,0.182,0.054,99.35,78,220.0,DeMar DeRozan,SAC,27.3,22.0,1.1,2,Большой (Big Man),4.9878626,4.1783295
1629731,Dean Wade,Dean,1610612739,CLE,29.0,58,47,12,0.797,21.2,1.9,4.6,0.415,1.4,3.8,0.358,0.3,0.5,0.547,0.9,3.4,4.3,1.3,0.4,0.7,0.3,0.2,1.7,0.5,5.5,4.4,15.2,1,0,14.4,218,36,414,37,248,377,362,410,186,186,209,479,450,502,238,152,177,329,463,240,247,440,242,433,364,40,320,198,44,322,1,0.095,10.7,0.067,0.57,0.073,0.097,101.1,81,228.0,Dean Wade,CLE,11.7,6.2,1.0,1,Плеймейкер,9.521928,3.870734
1629028,Deandre Ayton,Deandre,1610612757,POR,27.0,42,17,23,0.425,30.1,6.6,11.7,0.553,0.2,0.8,0.2,1.0,1.5,0.68,3.1,7.1,10.2,1.6,1.7,0.8,1.0,0.4,2.2,1.5,14.5,-1.7,32.5,20,0,29.8,342,323,280,368,98,64,102,59,465,454,481,255,232,438,15,19,14,273,106,212,48,242,123,204,104,499,79,32,44,92,1,0.209,-6.9,0.125,0.595,0.083,0.168,98.94,84,252.0,Deandre Ayton,POR,26.4,15.3,1.8,0,Звезда лиги,3.7355628,3.3582206
1627749,Dejounte Murray,Dejounte,1610612740,NOP,29.0,28,9,22,0.29,32.6,6.3,15.9,0.381,1.7,5.6,0.298,3.3,4.0,0.834,0.5,5.9,6.7,7.7,3.5,2.1,0.4,0.6,2.0,2.6,18.1,-3.8,40.1,8,1,37.8,402,434,288,462,56,77,46,457,143,89,382,59,58,160,361,36,67,10,9,3,225,111,179,92,74,544,33,77,20,37,1,0.258,-9.1,0.118,0.495,0.347,0.094,102.86,76,180.0,Dejounte Murray,NOP,31.5,22.0,2.5,3,3-and-D игрок,2.503772,6.43481
1626153,Delon Wright,Delon,1610612752,NYK,34.0,33,22,18,0.55,15.9,1.1,3.3,0.343,0.5,1.8,0.271,0.4,0.6,0.605,0.7,1.0,1.6,1.8,0.6,0.8,0.3,0.2,0.6,0.8,2.9,-0.4,11.0,0,0,9.6,342,274,345,231,351,464,430,512,366,355,418,445,422,482,306,470,438,227,406,163,273,418,491,356,464,235,394,281,44,414,2,0.119,-0.2,0.061,0.445,0.162,0.051,98.84,77,185.0,Delon Wright,NYK,6.8,3.8,1.1,4,Ролевой игрок,10.595187,8.080809
1630166,Deni Avdija,Deni,1610612757,POR,25.0,64,33,39,0.458,30.0,5.6,11.7,0.475,1.7,4.8,0.363,4.0,5.2,0.788,1.5,5.7,7.8,4.2,2.9,1.1,0.5,0.9,2.4,4.1,18.0,-0.7,33.2,17,2,32.8,95,166,68,329,100,92,101,190,129,126,187,30,28,251,98,37,49,87,37,114,165,42,78,33,79,347,73,34,15,69,1,0.219,-0.9,0.126,0.605,0.193,0.117,99.86,81,240.0,Deni Avdija,POR,28.7,20.1,1.6,3,3-and-D игрок,3.1561399,6.413741
203471,Dennis Schröder,Dennis,1610612765,DET,32.0,73,37,38,0.493,28.1,4.5,11.0,0.41,1.7,4.9,0.329,2.4,2.9,0.828,0.4,2.3,2.5,5.3,1.9,0.9,0.2,0.8,2.4,2.8,12.8,-1.8,25.5,7,0,24.9,59,124,85,290,122,143,110,425,140,116,271,94,102,122,445,305,351,40,86,162,403,73,74,82,123,329,133,87,44,130,3,0.216,-0.9,0.091,0.525,0.287,0.046,100.49,73,175.0,Dennis Schröder,DET,19.8,15.4,1.1,2,Большой (Big Man),5.223531,6.552839
1641726,Dereck Lively II,Dereck,1610612742,DAL,22.0,43,21,15,0.583,23.1,3.7,5.3,0.701,0.0,0.0,0.0,1.3,2.0,0.628,2.9,4.6,8.2,2.6,1.2,0.7,1.8,0.6,2.8,1.4,9.5,0.9,26.5,8,0,22.8,370,280,382,197,215,186,310,9,499,542,499,202,162,468,21,77,45,171,214,325,12,114,28,216,238,77,122,77,44,152,1,0.139,7.7,0.124,0.703,0.143,0.155,100.99,85,230.0,Dereck Lively II,DAL,21.6,10.8,2.5,0,Звезда лиги,3.313126,2.7381625
1627884,Derrick Jones Jr.,Derrick,1610612746,LAC,29.0,82,48,29,0.623,24.3,4.0,7.6,0.536,1.0,2.8,0.366,1.1,1.5,0.704,1.2,2.2,3.4,0.8,0.9,1.0,0.4,0.3,2.0,1.3,10.1,0.4,18.9,0,0,18.3,43,30,188,132,199,164,209,86,255,265,221,244,227,391,143,317,253,439,295,95,201,280,170,237,185,80,240,281,44,241,1,0.17,6.7,0.076,0.607,0.044,0.072,99.72,78,210.0,Derrick Jones Jr.,LAC,14.8,10.5,1.4,1,Плеймейкер,7.4119763,4.69163
1628401,Derrick White,Derrick,1610612738,BOS,31.0,76,58,18,0.763,33.9,5.6,12.6,0.432,3.5,9.1,0.393,1.8,2.1,0.835,0.9,3.6,4.5,4.8,1.7,0.9,1.1,0.3,1.8,2.2,16.4,7.3,33.2,4,0,33.1,51,7,345,53,38,93,85,305,7,10,124,134,153,121,230,125,159,57,107,126,38,301,217,126,82,11,71,116,44,66,1,0.203,10.2,0.106,0.592,0.199,0.064,97.89,76,190.0,Derrick White,BOS,26.0,18.8,2.0,2,Большой (Big Man),4.6160398,4.234258
1630217,Desmond Bane,Desmond,1610612753,ORL,28.0,75,38,31,0.551,32.0,7.1,14.8,0.489,2.4,6.1,0.4,2.6,2.9,0.908,0.9,5.2,6.3,5.5,2.5,1.2,0.4,1.1,2.4,2.0,19.8,4.1,36.8,10,1,36.1,129,110,158,230,69,54,57,166,51,59,110,82,104,50,225,51,79,41,52,62,214,19,77,139,54,118,51,62,20,50,1,0.219,2.8,0.131,0.596,0.235,0.088,104.58,77,215.0,Desmond Bane,ORL,30.7,22.6,1.6,3,3-and-D игрок,1.7944392,6.7289953
1626164,Devin Booker,Devin,1610612756,PHX,29.0,67,35,40,0.467,37.3,8.7,18.9,0.455,2.4,7.3,0.325,5.8,6.4,0.901,1.0,3.1,4.0,7.0,2.8,0.9,0.2,0.8,2.6,5.4,25.1,-0.3,41.5,16,0,41.4,59,149,59,319,3,19,12,239,46,29,307,10,14,49,182,190,187,15,22,154,351,57,42,10,12,434,26,35,44,22,1,0.283,-3.2,0.122,0.58,0.301,0.055,98.72,78,206.0,Devin Booker,PHX,34.4,28.6,1.1,3,3-and-D игрок,2.7387173,6.6471972
1642269,Devin Carter,Devin,1610612758,SAC,24.0,43,18,18,0.5,11.0,1.3,3.5,0.369,0.5,1.7,0.306,0.7,1.2,0.584,0.5,1.6,2.4,1.2,0.6,0.7,0.1,0.1,1.1,1.3,4.3,-0.3,9.7,0,0,9.0,370,312,345,266,441,449,412,492,366,365,392,333,274,492,372,393,400,353,415,313,443,449,403,244,436,159,425,281,44,429,1,0.163,3.9,0.07,0.46,0.139,0.093,100.14,74,195.0,Devin Carter,SAC,8.1,4.9,0.8,4,Ролевой игрок,10.445415,7.841704
1630170,Devin Vassell,Devin,1610612759,SAS,25.0,57,24,40,0.375,31.0,6.2,13.9,0.434,2.5,6.7,0.382,1.5,1.9,0.798,0.5,3.5,4.2,3.0,1.5,1.4,0.5,0.5,1.7,1.5,17.1,-3.1,29.4,2,0,29.2,170,261,59,407,87,79,65,302,43,40,177,169,184,232,368,140,194,133,158,42,142,205,248,195,84,500,102,159,44,96,1,0.216,-6.2,0.092,0.556,0.139,0.062,100.8,77,200.0,Devin Vassell,SAS,24.7,18.6,1.9,2,Большой (Big Man),4.464333,6.617733
1628415,Dillon Brooks,Dillon,1610612745,HOU,30.0,73,49,26,0.653,31.8,5.1,11.9,0.426,2.5,6.3,0.409,1.3,1.6,0.804,1.0,2.7,3.7,1.7,1.0,0.8,0.2,0.5,3.2,1.5,14.0,2.4,23.0,0,0,23.9,59,25,237,98,72,114,96,354,41,53,97,198,218,169,183,239,227,256,248,199,351,189,6,210,112,96,167,281,44,142,1,0.178,4.7,0.067,0.551,0.076,0.054,98.94,78,225.0,Dillon Brooks,HOU,19.4,14.8,1.0,2,Большой (Big Man),6.79037,3.6776595
1641794,Dillon Jones,Dillon,1610612760,OKC,24.0,53,45,9,0.833,10.2,0.9,2.5,0.398,0.3,1.2,0.246,0.3,0.5,0.595,0.6,1.7,2.3,1.1,0.5,0.3,0.1,0.2,1.0,0.4,2.6,-0.7,7.4,1,0,6.9,258,56,454,21,454,484,477,475,420,401,437,466,447,481,354,385,385,370,411,456,489,393,416,473,485,144,470,198,44,470,1,0.122,6.0,0.066,0.471,0.143,0.102,101.09,77,235.0,Dillon Jones,OKC,5.9,3.2,0.4,4,Ролевой игрок,11.035163,7.854266
1627734,Domantas Sabonis,Domantas,1610612758,SAC,30.0,75,36,34,0.514,34.7,7.5,12.8,0.581,0.9,2.2,0.415,3.1,4.1,0.766,3.8,10.1,13.4,5.8,2.8,0.7,0.4,0.8,3.3,4.0,18.4,2.8,45.1,61,10,42.1,118,136,124,259,28,41,83,45,278,319,47,65,53,302,4,1,1,24,26,255,232,54,5,38,55,119,11,1,3,20,1,0.208,2.6,0.164,0.648,0.251,0.199,99.78,82,240.0,Domantas Sabonis,SAC,35.9,21.3,1.1,3,3-and-D игрок,3.0941303,4.8609653
1631230,Dominick Barlow,Dominick,1610612737,ATL,23.0,41,13,22,0.371,10.7,1.7,3.2,0.534,0.2,0.8,0.263,0.6,0.9,0.625,1.0,1.4,2.6,0.6,0.1,0.3,0.6,0.2,1.3,0.8,4.6,-0.4,10.0,1,0,8.8,381,382,288,410,446,398,435,80,451,460,430,369,340,463,183,411,369,482,540,470,180,396,348,347,412,245,419,198,44,433,1,0.13,-1.6,0.082,0.575,0.07,0.114,104.7,80,215.0,Dominick Barlow,ATL,8.6,4.9,0.9,1,Плеймейкер,9.906058,5.679287
1642270,Donovan Clingan,Donovan,1610612757,POR,22.0,59,29,38,0.433,19.8,2.7,5.0,0.551,0.2,0.7,0.28,0.9,1.6,0.585,3.2,4.6,8.4,1.2,1.2,0.5,1.7,0.3,2.8,1.5,6.9,-2.4,23.0,8,0,20.0,147,212,85,362,277,288,333,73,448,464,396,274,225,488,13,76,37,351,229,349,9,265,22,206,321,241,166,77,44,197,1,0.142,0.2,0.105,0.565,0.081,0.179,101.68,86,280.0,Donovan Clingan,POR,17.5,7.5,2.2,0,Звезда лиги,3.7834826,2.2337468
1628378,Donovan Mitchell,Donovan,1610612739,CLE,29.0,64,55,16,0.775,31.4,8.2,18.6,0.433,3.3,8.9,0.368,4.2,5.1,0.833,0.8,3.7,4.5,5.0,2.1,1.3,0.2,0.7,2.0,3.9,23.8,4.3,39.5,6,0,39.9,108,11,369,49,82,26,16,303,11,12,180,28,31,158,261,117,154,52,67,38,325,94,177,39,25,9,38,93,44,29,1,0.302,10.5,0.137,0.561,0.238,0.069,102.21,75,215.0,Donovan Mitchell,CLE,32.7,26.3,1.5,3,3-and-D игрок,1.9044578,6.917564
1628978,Donte DiVincenzo,Donte,1610612750,MIN,29.0,57,37,25,0.597,25.9,4.0,9.6,0.412,2.8,7.1,0.4,0.8,1.0,0.787,0.5,3.2,3.7,3.6,1.6,1.2,0.3,0.4,1.8,1.4,11.7,0.7,24.3,1,0,24.7,192,124,256,178,165,162,143,386,30,35,94,306,312,252,375,174,226,101,124,60,291,257,211,221,151,94,148,198,44,132,1,0.174,5.1,0.1,0.594,0.203,0.068,100.17,76,203.0,Donte DiVincenzo,MIN,18.9,13.5,1.5,2,Большой (Big Man),5.659566,4.0876403
1627827,Dorian Finney-Smith,Dorian,1610612747,LAL,33.0,61,36,27,0.571,28.9,3.1,6.9,0.434,2.0,5.0,0.422,0.5,0.7,0.668,1.3,2.7,3.7,1.3,0.9,0.9,0.4,0.4,2.2,0.7,8.3,6.2,18.5,0,0,18.7,185,136,222,210,115,247,249,281,83,110,57,412,400,438,131,244,199,302,280,143,235,237,130,399,240,38,255,281,44,230,2,0.109,8.8,0.06,0.6,0.066,0.069,98.14,79,220.0,Dorian Finney-Smith,LAL,13.7,9.0,1.3,1,Плеймейкер,7.3106427,2.8911946
203926,Doug McDermott,Doug,1610612758,SAC,34.0,39,21,21,0.5,8.1,1.2,2.8,0.438,1.0,2.4,0.438,0.1,0.1,0.603,0.1,0.5,0.5,0.2,0.1,0.1,0.0,0.1,0.7,0.1,3.4,1.6,4.7,0,0,5.5,330,280,297,266,481,461,462,362,249,306,25,541,540,482,544,546,550,548,540,530,508,502,473,552,452,187,514,281,44,492,1,0.141,1.6,0.051,0.618,0.028,0.031,101.3,78,225.0,Doug McDermott,SAC,4.1,3.5,0.1,1,Плеймейкер,9.805126,4.8436446
203110,Draymond Green,Draymond,1610612744,GSW,36.0,67,42,26,0.618,29.2,3.2,7.5,0.416,1.2,3.6,0.331,1.5,2.2,0.681,1.1,5.0,5.5,5.1,2.3,1.4,0.9,0.3,3.2,2.6,8.1,1.5,29.7,6,1,26.9,138,81,237,143,113,237,221,372,214,194,325,168,149,412,168,59,76,32,44,29,40,297,7,96,224,65,99,93,20,111,1,0.171,6.6,0.088,0.521,0.255,0.102,101.35,78,230.0,Draymond Green,GSW,18.7,10.6,2.3,2,Большой (Big Man),5.2146864,5.446839
1629234,Drew Eubanks,Drew,1610612746,LAC,29.0,68,25,36,0.41,12.2,1.9,3.2,0.595,0.0,0.1,0.51,0.8,1.2,0.672,1.0,2.7,3.6,0.9,0.7,0.2,0.6,0.4,1.0,1.0,4.5,-1.1,12.2,0,0,10.9,201,252,106,384,421,382,440,43,488,521,7,314,283,449,195,231,222,415,356,496,108,212,412,293,393,415,373,281,44,386,2,0.139,-8.1,0.111,0.611,0.11,0.145,102.72,82,245.0,Drew Eubanks,LAC,9.1,5.0,0.8,1,Плеймейкер,8.434827,4.989891
1641809,Drew Peterson,Drew,1610612738,BOS,26.0,31,17,8,0.68,7.4,0.7,1.6,0.404,0.5,1.3,0.388,0.3,0.4,0.776,0.4,1.2,1.6,0.5,0.3,0.2,0.1,0.1,0.7,0.3,2.2,2.3,5.4,0,0,5.4,427,323,459,80,492,510,518,407,362,389,105,477,488,252,445,435,443,485,490,494,480,462,472,515,496,127,500,281,44,496,1,0.136,12.8,0.078,0.597,0.095,0.108,96.96,81,205.0,Drew Peterson,BOS,4.3,2.4,0.3,1,Плеймейкер,10.044237,4.673489
1629130,Duncan Robinson,Duncan,1610612748,MIA,32.0,79,30,44,0.405,24.1,3.9,9.0,0.445,2.6,6.5,0.384,0.6,0.7,0.884,0.2,2.0,2.3,2.4,1.2,0.5,0.1,0.4,1.8,0.8,11.2,2.5,18.0,0,0,19.5,71,196,42,387,202,170,158,321,39,45,107,358,399,57,499,338,382,167,209,340,478,230,216,348,160,175,262,281,44,211,1,0.191,0.2,0.078,0.597,0.148,0.047,97.68,79,215.0,Duncan Robinson,MIA,15.3,12.4,0.6,1,Плеймейкер,7.6349225,4.8833184
1641871,Duop Reath,Duop,1610612757,POR,30.0,44,19,27,0.413,10.2,1.5,3.6,0.435,0.7,2.3,0.334,0.4,0.5,0.902,1.0,1.0,2.1,0.6,0.3,0.3,0.3,0.2,0.9,0.4,4.3,0.5,8.8,0,0,8.7,307,302,222,382,455,423,407,384,315,315,339,429,457,34,204,457,410,478,474,469,267,407,446,482,413,364,444,281,44,435,1,0.177,-6.5,0.077,0.558,0.083,0.095,102.71,81,245.0,Duop Reath,POR,7.3,4.6,0.6,1,Плеймейкер,10.426243,5.47996
203939,Dwight Powell,Dwight,1610612742,DAL,34.0,62,25,30,0.455,10.0,0.8,1.1,0.696,0.0,0.1,0.394,0.5,0.8,0.648,0.9,1.3,2.0,1.0,0.3,0.3,0.4,0.1,1.4,0.9,2.0,-0.4,7.9,0,0,6.7,253,252,176,339,458,502,546,13,493,523,78,398,382,456,243,428,395,384,486,441,227,473,342,330,500,255,460,281,44,472,1,0.076,-1.1,0.073,0.725,0.13,0.107,102.17,82,240.0,Dwight Powell,DAL,5.4,2.5,0.7,1,Плеймейкер,8.542723,4.902444
1630700,Dyson Daniels,Dyson,1610612737,ATL,23.0,74,37,39,0.487,33.8,6.0,12.1,0.495,1.1,3.1,0.352,1.1,1.8,0.604,1.6,4.3,6.4,4.8,2.2,3.3,0.8,0.6,2.3,1.7,15.3,-1.4,37.0,9,0,32.9,51,124,68,301,39,83,92,148,248,245,276,241,186,491,85,87,86,74,77,1,82,131,96,167,108,319,50,71,44,67,1,0.181,-0.9,0.099,0.552,0.174,0.085,104.17,79,199.0,Dyson Daniels,ATL,28.4,17.7,4.1,3,3-and-D игрок,2.656781,5.888511
203901,Elfrid Payton,Elfrid,1610612740,NOP,32.0,30,3,21,0.125,21.3,1.7,5.1,0.328,0.0,0.3,0.17,0.2,0.3,0.585,0.6,2.7,3.2,6.8,2.5,1.0,0.5,0.4,1.5,0.5,3.4,-5.4,19.8,2,0,16.7,432,508,297,545,247,404,326,519,492,506,486,509,509,497,328,239,273,16,51,101,179,219,314,461,449,539,221,159,44,271,2,0.158,-13.4,0.079,0.337,0.443,0.071,101.3,75,195.0,Elfrid Payton,NOP,12.4,6.8,1.5,4,Ролевой игрок,7.4298787,8.096816
1642402,Enrique Freeman,Enrique,1610612754,IND,25.0,27,7,15,0.318,8.2,0.7,1.7,0.425,0.0,0.5,0.093,0.6,0.9,0.673,0.5,0.9,1.4,0.4,0.3,0.1,0.1,0.1,1.0,0.7,2.2,-2.0,4.9,0,0,4.5,441,460,382,447,478,506,516,338,489,486,496,373,361,416,378,489,470,507,504,514,425,450,429,396,499,320,511,281,44,513,1,0.121,-6.3,0.04,0.51,0.062,0.078,107.55,79,220.0,Enrique Freeman,IND,3.9,2.4,0.2,4,Ролевой игрок,11.267269,7.9034667
201569,Eric Gordon,Eric,1610612755,PHI,37.0,46,12,27,0.308,19.7,2.2,5.2,0.427,1.4,3.5,0.414,0.9,1.2,0.747,0.2,1.0,1.1,1.6,0.6,0.6,0.3,0.4,0.8,0.8,6.2,0.5,12.9,0,0,13.1,353,393,222,450,279,345,315,367,175,208,62,275,273,310,513,471,492,262,338,259,263,254,459,339,307,398,360,281,44,344,1,0.131,-5.4,0.067,0.599,0.118,0.031,99.62,75,215.0,Eric Gordon,PHI,9.2,7.0,0.9,1,Плеймейкер,9.670918,4.564987
1630596,Evan Mobley,Evan,1610612739,CLE,25.0,64,58,13,0.817,30.5,7.1,12.8,0.567,1.2,3.2,0.384,3.1,4.3,0.73,2.3,7.0,10.0,3.4,2.2,1.0,1.7,0.7,2.0,3.4,19.9,6.2,39.8,37,0,37.1,108,7,403,24,91,55,82,64,210,228,175,66,43,358,41,20,21,120,76,171,11,87,173,57,64,6,36,13,44,41,1,0.238,11.9,0.151,0.637,0.149,0.147,102.16,83,215.0,Evan Mobley,CLE,33.8,21.6,2.7,3,3-and-D игрок,3.1082745,4.5708947
1630532,Franz Wagner,Franz,1610612753,ORL,24.0,64,33,27,0.55,33.7,9.0,19.4,0.451,1.7,5.9,0.302,4.5,5.2,0.86,0.9,4.8,6.3,5.2,2.5,1.4,0.4,1.3,2.5,4.2,26.8,1.7,40.6,3,0,39.5,206,166,222,231,40,15,11,232,130,71,388,23,27,82,216,68,93,58,59,49,244,7,63,31,23,61,30,134,44,30,1,0.303,6.0,0.153,0.561,0.247,0.085,97.65,82,220.0,Franz Wagner,ORL,37.6,29.4,1.8,3,3-and-D игрок,2.2655406,6.269588
1627832,Fred VanVleet,Fred,1610612745,HOU,32.0,58,41,19,0.683,35.2,4.8,12.7,0.382,2.7,7.7,0.338,1.9,2.3,0.808,0.5,3.2,3.6,5.5,1.5,1.6,0.4,0.4,2.3,1.9,13.9,1.3,31.3,4,0,29.9,206,83,329,78,21,133,84,482,34,26,257,130,137,195,367,176,225,36,145,18,209,251,88,144,110,53,88,116,44,91,1,0.162,6.2,0.093,0.507,0.217,0.049,98.18,72,197.0,Fred VanVleet,HOU,23.5,16.6,2.0,2,Большой (Big Man),5.2546334,5.467253
1641713,GG Jackson,GG,1610612763,MEM,21.0,26,19,10,0.655,15.8,2.6,6.9,0.368,1.1,3.3,0.335,1.0,1.4,0.728,0.9,2.2,3.4,1.0,1.2,0.4,0.2,0.5,1.0,1.1,7.5,-4.1,13.2,0,0,13.7,412,302,443,95,353,302,252,490,233,224,288,255,253,355,219,309,283,384,231,402,393,165,410,285,284,431,351,281,44,338,1,0.204,-5.9,0.064,0.471,0.085,0.093,102.73,81,210.0,GG Jackson,MEM,11.3,8.0,0.6,4,Ролевой игрок,7.6444044,8.063
1629216,Gabe Vincent,Gabe,1610612747,LAL,30.0,68,46,26,0.639,21.2,2.3,5.8,0.396,1.5,4.3,0.365,0.2,0.3,0.725,0.3,1.0,1.3,1.4,0.6,0.7,0.2,0.2,2.1,0.6,6.4,-1.5,12.1,0,0,12.3,95,45,237,106,250,335,296,445,163,156,239,501,509,374,481,460,484,314,397,241,381,426,147,408,328,186,375,281,44,363,1,0.12,1.1,0.039,0.527,0.09,0.029,100.07,74,200.0,Gabe Vincent,LAL,9.4,7.1,0.9,4,Ролевой игрок,10.508989,6.8996906
202066,Garrett Temple,Garrett,1610612761,TOR,40.0,23,11,17,0.393,8.1,0.6,2.1,0.301,0.2,1.0,0.227,0.4,0.4,0.911,0.3,0.7,0.9,1.0,0.4,0.5,0.1,0.1,0.8,0.5,1.7,-2.4,6.5,0,0,5.6,416,407,360,396,482,520,487,533,447,419,467,440,467,31,462,509,507,364,469,298,490,445,458,435,508,334,482,281,44,491,1,0.117,-4.5,0.051,0.392,0.171,0.061,105.94,77,195.0,Garrett Temple,TOR,3.8,2.2,0.6,4,Ролевой игрок,10.930746,8.482673
1629726,Garrison Mathews,Garrison,1610612737,ATL,29.0,46,21,26,0.447,17.6,2.2,5.5,0.385,1.8,4.6,0.392,1.4,1.7,0.813,0.3,1.6,1.9,1.3,0.7,0.6,0.3,0.1,1.7,1.4,7.6,-1.8,13.6,0,0,14.2,298,280,237,351,319,353,308,453,113,132,114,191,213,167,482,395,418,332,362,331,261,492,240,212,274,368,345,281,44,324,1,0.156,-3.5,0.068,0.593,0.102,0.049,105.43,78,215.0,Garrison Mathews,ATL,11.0,8.2,0.9,1,Плеймейкер,8.824377,6.32552
203914,Gary Harris,Gary,1610612753,ORL,31.0,40,28,20,0.583,14.8,1.1,2.8,0.368,0.8,2.1,0.351,0.1,0.3,0.582,0.4,0.9,1.3,0.6,0.4,0.5,0.3,0.1,0.9,0.1,3.0,3.5,7.6,0,0,7.3,297,220,318,197,372,473,463,475,311,326,220,522,517,493,421,481,474,463,471,337,309,444,432,539,467,128,468,281,44,464,1,0.087,7.2,0.043,0.516,0.058,0.044,99.58,76,210.0,Gary Harris,ORL,5.3,3.3,0.8,4,Ролевой игрок,10.926314,6.0827465
1627780,Gary Payton II,Gary,1610612744,GSW,33.0,65,36,26,0.581,15.0,2.8,4.8,0.571,0.5,1.5,0.328,0.4,0.6,0.717,0.9,2.1,2.8,1.2,0.6,0.7,0.3,0.3,1.7,0.6,6.0,1.7,14.8,0,0,13.5,192,136,237,202,370,282,343,55,366,376,321,428,427,383,242,327,307,320,371,179,291,287,233,420,325,181,325,281,44,340,1,0.141,3.4,0.104,0.627,0.132,0.096,102.12,74,195.0,Gary Payton II,GSW,10.4,6.6,1.0,1,Плеймейкер,8.416406,4.8051734
1629018,Gary Trent Jr.,Gary,1610612749,MIL,27.0,66,44,30,0.595,25.6,3.8,8.9,0.438,2.4,5.9,0.43,1.1,1.2,0.853,0.3,2.0,2.5,1.3,0.6,1.1,0.1,0.1,1.7,1.0,11.9,-1.3,18.1,0,0,19.1,71,62,176,181,170,177,159,342,47,74,50,249,270,110,484,339,380,348,398,119,504,443,254,313,156,172,260,281,44,221,1,0.157,1.9,0.07,0.6,0.064,0.044,100.75,77,204.0,Gary Trent Jr.,MIL,16.3,12.6,1.2,1,Плеймейкер,7.7661786,5.445424
1627777,Georges Niang,Georges,1610612737,ATL,33.0,75,55,24,0.696,21.5,3.6,7.8,0.475,2.1,5.2,0.418,0.6,0.7,0.806,0.6,2.8,3.2,1.3,1.0,0.4,0.2,0.3,2.5,0.7,9.4,0.8,16.7,1,0,17.9,23,11,271,74,242,197,198,236,80,103,69,377,397,230,337,214,249,307,240,432,386,332,48,379,194,109,288,198,44,244,2,0.168,4.7,0.071,0.594,0.087,0.077,102.45,79,230.0,Georges Niang,ATL,13.5,10.0,0.6,1,Плеймейкер,7.9583197,5.3516445
203507,Giannis Antetokounmpo,Giannis,1610612749,MIL,31.0,69,40,27,0.597,34.2,11.8,19.7,0.616,0.2,0.9,0.219,6.5,10.6,0.629,2.2,9.7,12.2,6.7,3.2,0.9,1.2,1.1,2.3,7.6,31.1,2.8,57.4,55,11,53.0,147,89,222,177,36,1,9,39,448,440,463,3,1,477,50,4,6,18,15,169,31,14,95,1,2,36,2,5,2,2,1,0.355,7.2,0.21,0.626,0.339,0.172,100.18,83,243.0,Giannis Antetokounmpo,MIL,48.9,34.4,2.1,3,3-and-D игрок,2.5543604,5.440783
1629048,Goga Bitadze,Goga,1610612753,ORL,26.0,67,38,32,0.543,20.4,3.0,4.8,0.607,0.0,0.4,0.108,1.2,1.9,0.625,2.4,4.2,6.7,2.0,1.0,0.7,1.4,0.3,2.1,1.7,7.3,-1.1,23.3,15,0,20.0,118,110,143,236,264,263,341,34,491,490,495,212,181,461,36,88,62,223,244,245,19,277,137,168,288,160,161,37,44,199,1,0.151,2.7,0.134,0.628,0.142,0.169,95.8,82,250.0,Goga Bitadze,ORL,17.1,8.3,2.1,0,Звезда лиги,3.783008,2.2809982
1641711,Gradey Dick,Gradey,1610612761,TOR,22.0,51,15,39,0.278,29.4,4.9,12.0,0.419,2.1,6.0,0.342,2.5,2.9,0.846,0.8,2.8,3.7,1.9,1.6,0.9,0.2,0.7,2.2,2.4,14.9,-4.4,23.1,0,0,24.0,258,349,68,470,111,123,95,417,78,60,246,91,103,94,258,227,237,237,133,158,376,104,119,113,105,491,165,281,44,140,1,0.221,-5.8,0.071,0.541,0.087,0.059,101.36,78,200.0,Gradey Dick,TOR,20.0,15.8,1.1,2,Большой (Big Man),5.849347,7.136415
1628960,Grayson Allen,Grayson,1610612756,PHX,30.0,65,29,35,0.453,24.1,3.4,7.6,0.433,2.3,5.5,0.438,1.5,1.8,0.812,0.5,2.5,2.9,2.0,1.2,0.8,0.3,0.3,1.5,1.7,10.3,0.0,19.7,1,0,20.4,170,212,116,344,203,208,210,285,56,93,38,174,193,178,368,269,298,196,204,177,274,322,317,180,169,366,225,198,44,193,1,0.175,-3.3,0.084,0.629,0.125,0.064,100.84,76,198.0,Grayson Allen,PHX,15.1,11.3,1.1,1,Плеймейкер,7.6637497,5.2746477
1627824,Guerschon Yabusele,Guerschon,1610612755,PHI,30.0,72,23,47,0.329,27.1,4.0,8.0,0.494,1.5,3.9,0.382,1.4,2.0,0.724,1.9,3.7,5.9,2.2,1.3,0.8,0.3,0.4,2.3,1.9,11.6,0.3,23.2,3,0,22.6,118,265,29,443,146,163,188,123,167,179,137,177,174,357,60,118,97,199,185,185,246,206,87,149,162,393,163,134,44,154,1,0.158,-3.2,0.092,0.621,0.114,0.108,97.28,80,265.0,Guerschon Yabusele,PHI,19.5,12.7,1.1,2,Большой (Big Man),7.0367894,4.60197
1630611,Gui Santos,Gui,1610612744,GSW,24.0,59,36,20,0.643,13.6,1.5,3.2,0.467,0.6,1.8,0.343,0.5,0.8,0.705,1.3,1.8,3.3,1.5,0.8,0.4,0.2,0.2,1.6,0.7,4.3,3.0,11.0,0,0,10.4,246,136,318,103,392,426,438,250,346,354,309,396,393,407,127,365,294,302,323,385,382,437,272,380,426,90,391,281,44,397,1,0.126,10.6,0.073,0.567,0.138,0.106,99.78,78,185.0,Gui Santos,GSW,8.9,5.0,0.6,1,Плеймейкер,10.192642,4.355841
203084,Harrison Barnes,Harrison,1610612759,SAS,34.0,82,34,48,0.415,27.2,4.2,8.3,0.506,1.9,4.4,0.437,2.0,2.4,0.809,1.2,2.6,3.7,1.6,0.6,0.5,0.2,0.3,0.9,1.8,11.8,-2.5,20.7,1,0,21.0,1,157,23,378,141,155,178,111,100,147,28,118,128,201,146,247,213,264,377,370,395,267,437,157,136,258,206,198,44,184,1,0.145,-1.2,0.092,0.665,0.085,0.067,100.08,80,225.0,Harrison Barnes,SAS,17.2,12.6,0.7,1,Плеймейкер,7.8121653,5.0535326
1629312,Haywood Highsmith,Haywood,1610612748,MIA,29.0,78,35,39,0.473,24.6,2.4,5.3,0.454,1.2,3.1,0.384,0.4,0.6,0.714,1.0,2.4,3.4,1.5,0.7,0.9,0.5,0.2,2.2,0.6,6.6,-1.3,16.3,0,0,15.4,71,149,68,311,189,324,312,253,208,237,131,432,432,365,198,279,254,286,330,144,149,395,120,407,324,178,294,281,44,297,1,0.112,1.4,0.057,0.589,0.084,0.069,97.33,77,220.0,Haywood Highsmith,MIA,12.2,7.4,1.4,1,Плеймейкер,8.437413,5.872111
1630529,Herbert Jones,Herbert,1610612740,NOP,27.0,24,5,15,0.25,32.4,3.8,8.6,0.441,1.1,3.6,0.314,1.7,2.0,0.839,1.1,2.8,3.8,3.2,1.8,1.9,0.5,0.5,3.3,2.0,10.1,-2.9,25.0,0,0,23.1,448,485,382,489,61,182,167,327,236,199,372,148,165,152,165,221,201,116,98,4,187,172,4,142,181,334,140,281,44,151,1,0.146,-0.7,0.062,0.55,0.134,0.059,100.76,79,206.0,Herbert Jones,NOP,17.7,11.7,2.4,2,Большой (Big Man),5.310514,5.8064075
1641816,Hunter Tyson,Hunter,1610612743,DEN,26.0,56,30,21,0.588,7.8,0.9,2.4,0.375,0.5,1.5,0.314,0.4,0.5,0.763,0.5,1.0,1.6,0.4,0.3,0.2,0.1,0.2,0.9,0.4,2.8,-1.0,5.7,0,0,5.6,275,196,297,186,485,488,481,485,381,379,360,433,440,310,390,458,452,511,503,497,440,383,451,484,478,403,497,281,44,490,1,0.137,-10.2,0.057,0.511,0.074,0.088,104.6,80,215.0,Hunter Tyson,DEN,4.8,3.0,0.3,4,Ролевой игрок,11.126064,7.676441
1630193,Immanuel Quickley,Immanuel,1610612761,TOR,27.0,37,12,21,0.364,27.8,5.6,13.3,0.411,2.6,6.8,0.367,3.4,3.9,0.862,0.5,3.1,3.5,5.8,1.8,0.7,0.1,0.8,1.8,2.9,17.2,-0.9,30.7,2,0,30.6,390,393,297,419,132,94,77,392,38,39,141,55,65,84,394,188,239,30,97,247,439,74,204,77,76,362,93,159,44,86,1,0.252,-1.6,0.128,0.557,0.32,0.06,101.44,74,190.0,Immanuel Quickley,TOR,25.5,20.1,0.8,2,Большой (Big Man),4.2708983,6.861839
1642403,Isaac Jones,Isaac,1610612758,SAC,25.0,39,19,21,0.475,7.6,1.4,2.1,0.665,0.1,0.2,0.368,0.6,0.9,0.626,0.6,0.9,1.5,0.3,0.4,0.1,0.3,0.3,0.8,0.8,3.6,-0.1,6.2,0,0,5.9,342,302,297,308,489,438,491,21,481,511,150,381,351,462,358,488,467,527,454,518,309,279,469,369,457,387,484,281,44,485,1,0.148,-10.5,0.087,0.682,0.057,0.095,102.68,81,245.0,Isaac Jones,SAC,5.4,3.8,0.4,1,Плеймейкер,8.624416,4.942463
1630171,Isaac Okoro,Isaac,1610612739,CLE,25.0,52,44,11,0.8,19.1,2.3,4.9,0.457,1.0,2.7,0.357,0.6,0.8,0.72,0.9,1.5,2.6,1.3,0.4,0.6,0.3,0.3,1.9,0.8,6.5,3.4,13.0,0,0,12.5,253,62,425,32,291,344,340,227,251,275,171,369,368,371,226,407,377,336,453,315,280,263,197,349,339,43,357,281,44,356,1,0.136,12.5,0.057,0.586,0.078,0.06,100.08,77,225.0,Isaac Okoro,CLE,10.9,7.2,0.9,1,Плеймейкер,9.863328,4.1712117
1642268,Isaiah Collier,Isaiah,1610612762,UTA,21.0,78,14,57,0.197,25.9,3.3,7.8,0.424,0.6,2.4,0.258,1.5,2.2,0.68,0.5,2.9,3.6,7.0,3.2,1.0,0.2,0.8,2.1,1.9,9.6,-7.1,22.6,11,0,21.2,108,364,4,524,164,223,200,385,348,309,445,170,147,421,409,212,270,21,23,139,332,69,152,147,245,535,175,55,44,182,1,0.184,-10.4,0.077,0.506,0.342,0.061,102.44,75,210.0,Isaiah Collier,UTA,18.2,13.1,1.2,2,Большой (Big Man),5.332209,7.438037
1628392,Isaiah Hartenstein,Isaiah,1610612760,OKC,28.0,55,49,8,0.86,27.9,4.9,8.4,0.571,0.0,0.3,0.0,1.4,2.1,0.682,2.9,7.9,10.8,3.8,1.7,0.8,1.1,0.5,3.0,1.6,11.3,6.1,33.9,28,0,29.6,232,25,459,16,129,124,174,48,499,495,499,187,159,430,23,10,10,90,112,188,36,153,10,181,155,10,68,22,44,93,1,0.16,13.0,0.138,0.592,0.178,0.185,101.56,84,250.0,Isaiah Hartenstein,OKC,26.1,13.2,1.9,0,Звезда лиги,3.3544955,3.162829
1630198,Isaiah Joe,Isaiah,1610612760,OKC,26.0,78,63,11,0.851,21.7,3.5,7.9,0.426,2.6,6.3,0.421,0.6,0.8,0.818,0.6,2.1,2.6,1.6,0.5,0.6,0.1,0.3,1.5,1.4,10.3,5.3,17.6,0,0,18.6,71,2,425,17,238,204,194,308,36,50,54,362,391,163,356,331,349,271,413,279,438,343,310,228,184,7,269,281,44,233,1,0.161,15.8,0.089,0.632,0.096,0.058,102.23,75,165.0,Isaiah Joe,OKC,14.7,11.1,0.7,1,Плеймейкер,9.29764,3.8801532
1630191,Isaiah Stewart,Isaiah,1610612765,DET,25.0,75,38,34,0.528,19.9,2.4,4.4,0.556,0.2,0.7,0.33,0.9,1.2,0.759,1.8,3.7,5.6,1.7,0.9,0.4,1.4,0.2,2.5,1.3,6.1,0.3,19.7,2,0,17.1,95,110,124,250,272,318,368,63,442,463,339,278,278,297,71,116,106,253,268,412,18,426,49,246,340,226,228,159,44,265,1,0.124,0.5,0.096,0.622,0.12,0.129,101.75,80,250.0,Isaiah Stewart,DET,14.3,7.0,1.8,0,Звезда лиги,4.2146616,2.6407282
1631209,Isaiah Wong,Isaiah,1610612766,CHA,25.0,20,2,18,0.1,13.3,2.1,5.3,0.404,0.7,1.7,0.402,1.3,1.7,0.721,0.7,0.9,1.8,1.5,1.0,0.7,0.0,0.7,1.1,1.2,6.6,1.4,10.8,0,0,10.8,448,525,345,551,397,361,314,467,338,372,105,205,209,339,291,484,443,309,277,333,519,109,407,259,342,257,398,281,44,391,1,0.223,-2.6,0.077,0.51,0.187,0.06,98.35,75,185.0,Isaiah Wong,CHA,9.6,7.4,0.7,1,Плеймейкер,9.440218,6.9817004
1627826,Ivica Zubac,Ivica,1610612746,LAC,29.0,72,50,30,0.625,32.8,7.4,11.8,0.622,0.0,0.0,0.0,2.0,3.0,0.674,3.8,8.9,12.9,2.8,1.6,0.7,1.1,0.7,2.1,3.0,17.2,6.2,39.8,59,1,35.7,16,23,176,127,51,46,100,30,499,542,499,120,99,450,5,7,4,146,126,252,34,85,151,69,81,19,35,2,20,53,1,0.203,9.4,0.157,0.655,0.121,0.199,98.55,84,240.0,Ivica Zubac,LAC,33.1,18.6,1.8,0,Звезда лиги,3.257392,3.0795407
1630550,JT Thor,JT,1610612764,WAS,23.0,27,10,10,0.5,12.5,1.3,3.0,0.411,0.3,1.1,0.295,0.8,1.1,0.695,1.0,1.4,2.6,0.3,0.5,0.4,0.5,0.2,0.9,0.8,3.8,-1.5,9.0,0,0,8.3,448,419,443,266,410,455,453,375,416,415,396,321,295,421,183,414,373,527,439,407,187,396,454,369,448,512,439,281,44,446,2,0.121,-20.0,0.065,0.504,0.04,0.085,98.57,81,203.0,JT Thor,WAS,7.1,4.0,0.9,4,Ролевой игрок,11.052882,7.5976615
1629630,Ja Morant,Ja,1610612763,MEM,26.0,56,30,20,0.6,30.4,8.1,17.8,0.446,1.8,5.7,0.298,5.3,6.4,0.832,0.7,3.4,4.1,7.3,3.7,1.2,0.2,1.0,2.3,5.0,23.1,3.2,39.7,13,1,39.2,283,196,318,168,93,30,28,263,121,81,364,15,15,154,304,145,185,12,6,52,323,28,107,17,30,48,37,46,20,31,1,0.308,6.8,0.141,0.552,0.355,0.062,105.74,74,174.0,Ja Morant,MEM,32.2,26.8,1.4,3,3-and-D игрок,2.3517628,6.3420167
1642266,Ja'Kobe Walter,Ja'Kobe,1610612761,TOR,21.0,51,19,33,0.365,21.2,3.1,7.6,0.401,1.3,3.6,0.359,1.3,1.6,0.785,1.1,1.9,3.6,1.9,1.2,0.9,0.2,0.8,1.8,1.4,9.9,0.3,16.8,1,0,16.6,267,302,130,418,249,250,216,435,199,202,248,203,220,228,156,350,293,279,264,186,372,75,214,222,247,386,287,198,44,272,1,0.176,-2.4,0.068,0.515,0.105,0.07,101.29,77,180.0,Ja'Kobe Walter,TOR,15.3,10.8,1.1,2,Большой (Big Man),6.906888,6.7913513
1631095,Jabari Smith Jr.,Jabari,1610612745,HOU,23.0,54,40,17,0.702,30.1,4.4,9.9,0.431,1.7,4.9,0.366,1.8,2.2,0.814,1.8,5.2,7.4,1.2,1.2,0.4,0.7,0.5,2.2,2.1,12.9,5.2,24.6,8,0,24.3,232,89,360,71,99,148,131,318,135,121,232,132,143,151,66,52,55,377,230,393,83,160,132,129,140,55,144,77,44,137,1,0.17,7.3,0.093,0.557,0.048,0.107,100.0,82,220.0,Jabari Smith Jr.,HOU,21.4,13.5,1.1,2,Большой (Big Man),6.65351,3.077113
1631133,Jabari Walker,Jabari,1610612757,POR,23.0,66,23,37,0.383,12.5,2.0,3.8,0.52,0.5,1.2,0.379,0.8,1.2,0.696,1.0,2.5,3.7,0.6,0.6,0.6,0.1,0.5,1.5,1.0,5.5,2.4,11.7,1,0,11.1,206,265,96,403,408,369,392,100,380,397,116,292,280,409,196,261,243,467,399,333,457,166,327,297,373,216,382,198,44,384,1,0.151,0.5,0.107,0.594,0.071,0.133,103.86,79,237.0,Jabari Walker,POR,9.9,5.8,0.7,1,Плеймейкер,9.588711,4.181851
1630702,Jaden Hardy,Jaden,1610612742,DAL,23.0,57,30,27,0.526,15.9,3.2,7.3,0.445,1.3,3.5,0.387,1.1,1.5,0.695,0.2,1.4,1.7,1.5,1.5,0.5,0.1,0.4,1.6,1.2,9.3,-0.3,13.0,0,0,14.2,232,196,222,251,350,241,229,332,188,212,121,250,229,396,531,413,449,304,146,364,473,214,286,264,241,356,359,281,44,326,1,0.247,-3.2,0.069,0.545,0.138,0.048,102.83,75,198.0,Jaden Hardy,DAL,11.6,10.0,0.6,1,Плеймейкер,7.6520805,6.5934486
1631093,Jaden Ivey,Jaden,1610612765,DET,24.0,35,14,16,0.467,29.9,6.3,13.8,0.462,2.1,5.1,0.422,2.8,3.9,0.721,1.3,2.8,4.4,4.3,3.2,1.0,0.4,0.9,2.2,3.2,18.9,-2.7,29.4,0,0,30.4,409,364,369,319,104,74,68,242,81,105,60,74,66,345,118,221,183,86,19,135,234,50,115,63,72,416,103,281,44,89,1,0.267,-4.1,0.099,0.579,0.207,0.067,99.52,76,195.0,Jaden Ivey,DET,25.8,21.0,1.4,3,3-and-D игрок,3.4609647,6.978032
1630183,Jaden McDaniels,Jaden,1610612750,MIN,25.0,81,49,33,0.598,31.9,4.9,10.2,0.475,1.2,3.7,0.318,1.3,1.6,0.817,1.6,4.2,6.2,2.2,1.3,1.4,1.0,0.5,2.7,1.7,13.2,0.1,27.6,10,0,25.6,1,25,130,173,71,126,123,185,206,190,310,204,224,186,90,93,91,216,210,37,60,172,32,177,141,117,114,62,44,125,1,0.161,4.0,0.086,0.553,0.091,0.087,98.07,81,185.0,Jaden McDaniels,MIN,22.7,14.3,2.4,2,Большой (Big Man),5.06746,4.724031
1630531,Jaden Springer,Jaden,1610612762,UTA,23.0,42,22,21,0.512,8.5,0.8,2.1,0.387,0.3,1.1,0.263,0.6,0.9,0.719,0.4,1.0,1.5,0.9,0.4,0.7,0.1,0.1,1.0,0.9,2.8,-0.8,6.9,0,0,6.2,328,274,297,261,475,494,490,470,426,409,439,361,357,383,431,475,472,443,464,323,470,489,427,333,482,308,475,281,44,479,2,0.126,-3.3,0.063,0.522,0.13,0.076,102.79,76,202.0,Jaden Springer,UTA,5.6,3.2,0.8,4,Ролевой игрок,10.896501,7.5773582
1630256,Jae'Sean Tate,Jae'Sean,1610612745,HOU,30.0,50,38,14,0.731,11.3,1.3,2.8,0.477,0.3,0.9,0.349,0.6,0.9,0.682,1.0,1.3,2.2,0.9,0.4,0.5,0.1,0.3,1.6,1.0,3.5,1.5,9.2,0,0,8.3,267,110,392,63,436,440,458,202,412,446,251,363,350,424,202,429,384,410,452,355,427,298,287,298,446,169,435,281,44,444,1,0.116,6.3,0.071,0.549,0.107,0.089,103.16,76,230.0,Jae'Sean Tate,HOU,6.8,4.0,0.6,1,Плеймейкер,10.45861,5.0162377
1631170,Jaime Jaquez Jr.,Jaime,1610612748,MIA,25.0,63,32,34,0.485,20.7,3.2,7.0,0.452,0.6,1.8,0.315,1.6,2.2,0.762,1.3,3.1,4.8,2.7,1.6,1.0,0.2,0.9,1.2,1.5,9.4,-2.7,19.6,3,1,18.4,156,179,124,303,261,232,243,237,353,357,359,152,150,306,130,181,164,158,141,141,353,39,371,200,246,428,229,134,20,239,1,0.206,-6.0,0.098,0.555,0.181,0.103,99.18,78,225.0,Jaime Jaquez Jr.,MIA,16.5,10.8,1.2,2,Большой (Big Man),6.012895,6.821834
1631222,Jake LaRavia,Jake,1610612758,SAC,24.0,66,40,26,0.606,20.4,2.4,5.1,0.485,0.9,2.2,0.41,1.2,1.7,0.668,1.4,2.6,4.1,2.5,1.4,1.0,0.3,0.4,2.0,1.4,7.3,-0.2,17.8,2,0,16.7,156,89,237,163,263,322,325,195,283,321,41,216,200,429,114,252,198,165,177,131,245,227,169,227,301,125,264,159,44,270,2,0.146,3.8,0.081,0.593,0.15,0.091,103.86,79,235.0,Jake LaRavia,SAC,13.8,8.6,1.3,1,Плеймейкер,7.3058395,4.0878096
1627751,Jakob Poeltl,Jakob,1610612761,TOR,30.0,58,21,36,0.368,29.6,6.4,10.2,0.636,0.0,0.1,0.337,1.7,2.5,0.663,3.3,6.3,9.5,2.8,1.9,1.2,1.2,0.6,3.1,2.3,14.3,-0.3,35.4,23,0,31.6,232,280,106,414,109,72,125,31,497,532,297,139,118,433,11,29,19,140,81,64,26,122,9,118,102,299,62,27,44,80,1,0.18,-0.7,0.133,0.651,0.136,0.158,101.44,84,260.0,Jakob Poeltl,TOR,27.1,15.7,2.4,0,Звезда лиги,3.639234,3.7920368
1628973,Jalen Brunson,Jalen,1610612752,NYK,29.0,62,40,25,0.615,35.4,9.0,18.5,0.485,2.3,6.1,0.37,5.7,6.9,0.834,0.4,2.5,2.8,7.0,2.4,0.9,0.1,0.8,2.1,6.3,24.9,1.4,41.0,14,0,40.6,162,89,256,144,17,13,18,158,53,57,129,11,11,163,423,274,320,11,47,142,437,70,145,2,10,113,28,40,44,24,1,0.28,2.6,0.138,0.59,0.318,0.042,97.79,74,190.0,Jalen Brunson,NYK,33.3,28.4,1.0,3,3-and-D игрок,2.3242755,6.905304
1631105,Jalen Duren,Jalen,1610612765,DET,22.0,77,43,35,0.551,26.1,4.8,7.0,0.698,0.0,0.0,0.001,2.1,3.1,0.658,3.6,6.8,11.5,3.0,1.9,0.8,1.2,0.7,3.2,2.6,13.2,-0.7,32.0,41,0,28.5,35,75,116,229,161,127,243,11,499,542,499,108,91,436,7,22,11,145,102,251,32,93,8,95,149,197,83,9,44,102,1,0.155,1.5,0.14,0.702,0.141,0.199,101.29,82,250.0,Jalen Duren,DET,27.8,14.7,2.0,0,Звезда лиги,3.3231742,2.6934311
1630224,Jalen Green,Jalen,1610612745,HOU,24.0,74,52,30,0.634,32.9,7.4,17.5,0.436,2.9,8.1,0.342,3.3,4.1,0.821,0.5,4.0,4.9,3.6,2.7,1.0,0.3,1.3,1.5,3.0,22.5,-0.3,32.8,4,0,34.3,1,19,176,112,49,45,30,377,28,21,231,58,56,186,360,101,151,106,50,168,256,6,299,70,44,120,76,116,44,61,1,0.279,2.8,0.111,0.547,0.159,0.065,99.75,76,186.0,Jalen Green,HOU,29.6,24.3,1.3,3,3-and-D игрок,3.2070968,6.736487
1630552,Jalen Johnson,Jalen,1610612737,ATL,24.0,38,18,18,0.5,35.7,7.5,15.1,0.501,1.2,3.9,0.311,2.6,3.5,0.748,1.7,8.3,10.2,5.1,3.0,1.6,1.0,1.1,1.9,2.8,19.3,-1.2,43.1,20,1,40.2,370,312,345,266,16,42,54,125,203,178,355,79,77,329,78,8,16,49,21,19,42,22,201,86,59,138,19,32,20,27,1,0.206,1.6,0.135,0.576,0.203,0.132,106.68,80,219.0,Jalen Johnson,ATL,34.2,21.8,2.6,3,3-and-D игрок,2.6584017,5.5529256
1629618,Jalen Pickett,Jalen,1610612743,DEN,26.0,53,31,18,0.633,13.6,1.6,3.7,0.443,0.8,2.1,0.391,0.1,0.2,0.76,0.3,1.1,1.5,2.3,0.5,0.4,0.1,0.1,0.8,0.2,4.3,-0.6,10.1,1,1,9.5,293,186,345,114,393,418,400,360,300,331,98,533,534,310,470,451,464,192,423,414,455,482,465,535,424,163,414,198,20,415,1,0.142,2.9,0.078,0.532,0.211,0.051,99.25,74,202.0,Jalen Pickett,DEN,8.1,5.4,0.5,1,Плеймейкер,10.641355,6.1745286
1630188,Jalen Smith,Jalen,1610612741,CHI,26.0,65,28,36,0.438,15.0,3.0,6.4,0.464,1.1,3.5,0.325,1.1,1.4,0.806,1.4,4.2,5.8,1.0,0.6,0.3,0.7,0.2,1.5,1.3,8.5,-0.6,18.7,4,0,17.8,170,220,106,357,366,262,273,223,229,211,328,230,250,203,112,90,102,382,392,467,91,381,317,242,261,290,251,116,44,248,1,0.216,-1.2,0.133,0.582,0.101,0.165,106.06,81,215.0,Jalen Smith,CHI,15.7,9.0,1.0,1,Плеймейкер,7.0837297,5.24108
1630591,Jalen Suggs,Jalen,1610612753,ORL,25.0,41,20,15,0.571,28.6,5.6,13.7,0.414,2.2,6.9,0.299,2.8,3.1,0.876,0.7,3.4,4.3,3.9,3.1,1.6,1.0,0.5,2.8,3.7,17.3,-0.5,30.8,0,0,30.9,381,296,382,210,117,88,70,418,67,38,352,75,86,64,319,150,189,96,24,28,55,185,23,44,87,231,91,281,44,85,1,0.27,1.0,0.107,0.537,0.216,0.072,99.02,77,205.0,Jalen Suggs,ORL,25.0,19.2,2.6,3,3-and-D игрок,3.1140993,6.3730574
1631114,Jalen Williams,Jalen,1610612760,OKC,25.0,64,55,14,0.797,32.4,8.2,16.9,0.493,1.8,4.9,0.38,3.4,4.3,0.776,0.9,4.5,5.5,5.3,2.3,1.7,0.7,0.9,2.3,3.6,22.6,3.1,40.4,3,0,38.4,129,11,392,36,60,28,36,167,114,118,193,52,42,236,241,84,108,46,64,16,96,52,99,48,37,17,32,134,44,35,1,0.269,10.2,0.138,0.566,0.233,0.079,102.44,77,211.0,Jalen Williams,OKC,33.5,25.2,2.4,3,3-and-D игрок,1.9447814,6.4838624
1630592,Jalen Wilson,Jalen,1610612751,BKN,25.0,82,25,54,0.316,25.7,3.1,7.8,0.408,1.5,4.6,0.339,1.7,2.1,0.832,0.9,2.5,3.6,1.9,1.1,0.5,0.1,0.5,2.1,1.5,10.2,-2.9,17.0,0,0,17.4,23,252,8,448,169,244,198,454,161,137,287,138,157,169,208,273,251,235,250,354,498,196,158,194,205,469,280,281,44,256,1,0.176,-6.7,0.065,0.549,0.11,0.067,97.23,78,220.0,Jalen Wilson,BKN,15.2,11.1,0.6,1,Плеймейкер,7.929232,7.064715
1631288,Jamal Cain,Jamal,1610612740,NOP,27.0,32,6,31,0.162,13.6,1.8,4.3,0.431,0.7,2.2,0.313,0.9,1.4,0.687,0.7,1.6,2.3,0.6,0.6,0.6,0.2,0.0,1.2,1.0,5.4,-3.3,10.9,0,0,10.6,361,473,158,537,395,387,378,346,323,320,326,276,257,426,281,396,379,474,383,290,320,522,370,300,370,481,395,281,44,395,1,0.168,-12.9,0.067,0.554,0.065,0.082,100.49,78,191.0,Jamal Cain,NOP,8.5,5.7,0.8,4,Ролевой игрок,9.61171,6.4426556
1627750,Jamal Murray,Jamal,1610612743,DEN,29.0,62,41,26,0.612,36.1,7.9,16.7,0.479,2.3,5.9,0.408,3.3,3.7,0.896,0.7,3.2,4.0,6.2,2.2,1.4,0.5,0.7,1.9,3.1,22.1,4.0,38.6,5,0,37.4,147,83,237,152,11,36,39,198,55,67,108,61,72,58,308,167,202,25,73,35,161,99,190,64,39,37,41,106,44,38,1,0.249,6.5,0.111,0.58,0.223,0.053,100.72,76,215.0,Jamal Murray,DEN,32.0,25.2,1.9,3,3-and-D игрок,1.6819376,6.8457575
1642347,Jamal Shead,Jamal,1610612761,TOR,23.0,76,28,47,0.373,19.6,2.7,6.7,0.401,1.0,3.0,0.332,0.7,0.9,0.764,0.4,1.1,1.5,4.3,1.6,0.8,0.1,0.4,2.1,1.3,7.3,-3.7,16.4,1,0,15.6,59,220,29,409,282,285,256,434,275,256,335,340,346,277,427,453,450,78,129,213,429,233,149,238,291,464,293,198,44,292,1,0.177,-7.8,0.07,0.495,0.307,0.037,102.18,73,200.0,Jamal Shead,TOR,12.4,9.4,0.9,4,Ролевой игрок,7.5840487,8.029363
201935,James Harden,James,1610612746,LAC,36.0,72,50,29,0.633,35.3,6.7,16.4,0.409,3.0,8.5,0.359,6.4,7.3,0.887,0.7,5.1,5.7,8.5,4.2,1.5,0.7,0.8,2.1,4.7,22.4,4.1,45.0,38,3,44.6,23,23,188,113,20,62,42,416,23,17,242,5,8,79,295,55,89,5,3,24,87,58,162,21,31,56,12,11,11,12,1,0.274,6.2,0.145,0.571,0.365,0.083,98.82,77,220.0,James Harden,LAC,34.6,26.6,2.2,3,3-and-D игрок,2.0697637,6.2173657
1642419,Jamison Battle,Jamison,1610612761,TOR,25.0,62,21,38,0.356,17.7,2.5,5.9,0.425,1.8,4.4,0.415,0.3,0.3,0.881,0.6,2.1,2.8,0.9,0.5,0.3,0.2,0.2,1.6,0.4,7.4,-2.1,12.6,0,0,13.4,218,280,85,426,318,306,293,352,119,148,70,479,506,54,326,335,345,412,435,462,396,364,294,464,292,461,369,281,44,341,1,0.157,-8.4,0.072,0.591,0.073,0.072,102.32,79,220.0,Jamison Battle,TOR,11.1,7.8,0.5,1,Плеймейкер,8.983276,6.050326
1641716,Jarace Walker,Jarace,1610612754,IND,22.0,73,45,30,0.6,15.8,2.3,4.8,0.468,1.0,2.5,0.411,0.6,0.9,0.676,0.3,2.7,3.3,1.6,1.1,0.8,0.3,0.1,1.5,0.8,6.6,-2.7,14.1,0,0,13.8,59,56,176,168,352,343,344,206,257,302,70,367,346,438,456,232,296,292,239,235,248,451,307,341,338,405,334,281,44,335,1,0.156,-5.0,0.087,0.59,0.129,0.098,103.23,79,235.0,Jarace Walker,IND,11.5,7.4,1.1,1,Плеймейкер,8.303026,6.125612
1630215,Jared Butler,Jared,1610612755,PHI,25.0,61,6,54,0.1,17.4,3.4,7.6,0.448,1.0,2.8,0.351,1.3,1.5,0.825,0.4,1.4,1.8,3.8,1.3,0.7,0.2,0.6,1.6,1.2,9.2,-1.4,18.1,1,0,17.4,206,473,8,551,326,212,217,283,257,269,225,205,228,155,421,412,419,98,169,245,344,115,274,253,223,423,261,198,44,259,2,0.214,-6.0,0.102,0.554,0.317,0.049,102.6,75,193.0,Jared Butler,PHI,14.4,11.1,0.9,2,Большой (Big Man),7.3699937,6.584233
1642272,Jared McCain,Jared,1610612755,PHI,22.0,24,7,16,0.304,25.7,5.5,11.9,0.472,2.2,5.8,0.375,2.1,2.4,0.862,0.6,1.9,2.6,2.9,1.8,0.8,0.0,0.5,1.6,2.0,16.8,-0.9,22.5,1,0,23.9,438,460,369,453,168,97,97,244,62,78,126,104,127,77,348,357,368,152,122,273,519,190,276,141,91,361,178,198,44,143,1,0.229,-2.1,0.106,0.597,0.171,0.048,98.18,75,195.0,Jared McCain,PHI,21.3,18.2,0.8,2,Большой (Big Man),5.6843524,6.204877
1628991,Jaren Jackson Jr.,Jaren,1610612763,MEM,26.0,75,42,32,0.568,29.8,8.0,16.4,0.473,2.0,5.3,0.381,4.2,5.4,0.786,1.2,4.4,5.8,2.1,2.2,1.2,1.6,1.2,3.5,4.5,23.1,4.3,38.2,6,0,37.3,71,81,143,216,106,32,43,155,88,98,149,27,24,247,139,85,100,208,70,50,13,10,1,24,35,50,42,93,44,40,1,0.268,6.4,0.124,0.589,0.102,0.087,105.56,82,242.0,Jaren Jackson Jr.,MEM,31.6,24.2,2.8,3,3-and-D игрок,3.1907978,4.829233
1629020,Jarred Vanderbilt,Jarred,1610612747,LAL,27.0,33,25,11,0.694,16.1,1.6,3.4,0.478,0.3,0.9,0.295,0.6,1.0,0.561,1.9,3.2,5.3,1.2,0.8,1.0,0.3,0.5,1.9,1.1,4.3,2.1,14.8,0,0,13.0,370,252,425,76,349,407,421,157,432,445,408,389,314,500,62,172,122,353,309,121,287,192,201,286,423,170,323,281,44,346,1,0.128,3.3,0.082,0.528,0.094,0.154,100.61,80,214.0,Jarred Vanderbilt,LAL,11.3,4.9,1.3,1,Плеймейкер,7.8128147,3.4404454
1628386,Jarrett Allen,Jarrett,1610612739,CLE,28.0,82,64,18,0.78,28.0,5.5,7.8,0.716,0.0,0.1,0.014,2.4,3.4,0.708,2.6,7.1,9.9,1.9,1.2,0.9,0.9,0.6,1.5,3.1,13.8,3.4,32.3,40,0,28.8,1,1,345,44,123,95,201,6,499,528,499,93,81,368,28,18,17,226,202,132,63,140,299,65,118,21,80,10,44,100,1,0.151,10.5,0.148,0.724,0.091,0.169,101.43,81,243.0,Jarrett Allen,CLE,26.2,14.8,1.8,0,Звезда лиги,3.2786448,2.800711
1629750,Javonte Green,Javonte,1610612739,CLE,32.0,68,24,44,0.353,18.5,1.8,4.2,0.418,0.7,2.1,0.33,0.8,1.1,0.711,0.9,2.3,3.1,0.8,0.5,1.0,0.5,0.2,1.4,1.1,4.9,-2.1,14.0,0,0,12.6,138,261,42,428,311,388,379,355,332,329,322,298,292,360,236,293,280,428,428,124,184,390,328,291,377,463,338,281,44,352,2,0.108,-7.8,0.064,0.532,0.059,0.081,101.97,77,205.0,Javonte Green,CLE,9.8,5.3,1.5,4,Ролевой игрок,9.6144085,7.47978
1629637,Jaxson Hayes,Jaxson,1610612747,LAL,26.0,56,38,18,0.679,19.5,2.9,4.0,0.73,0.0,0.1,0.004,1.1,1.8,0.614,1.4,3.4,4.8,1.0,0.8,0.6,0.9,0.2,2.4,2.0,6.8,3.1,17.8,2,0,15.6,246,110,345,82,285,272,387,5,499,531,499,242,198,474,111,146,140,380,319,330,58,405,67,132,306,135,266,159,44,293,1,0.117,2.5,0.097,0.709,0.076,0.121,100.51,84,220.0,Jaxson Hayes,LAL,13.3,7.3,1.5,0,Звезда лиги,4.0133395,2.3776805
1630643,Jay Huff,Jay,1610612763,MEM,28.0,59,37,27,0.578,11.7,2.5,4.8,0.53,1.3,3.1,0.403,0.7,0.9,0.777,0.5,1.5,2.0,0.6,0.5,0.3,0.9,0.1,1.2,0.7,7.0,-1.7,13.0,0,0,13.0,170,124,222,203,430,317,348,101,197,239,72,347,359,239,402,400,408,475,410,471,66,458,375,393,305,202,358,281,44,349,1,0.203,0.8,0.108,0.675,0.077,0.081,106.71,85,240.0,Jay Huff,MEM,10.3,7.3,1.2,1,Плеймейкер,8.217176,4.9778614
1627759,Jaylen Brown,Jaylen,1610612738,BOS,29.0,66,46,17,0.73,34.3,8.2,17.7,0.464,1.8,5.7,0.32,3.9,5.1,0.768,1.3,4.5,5.6,4.4,2.5,1.2,0.3,1.1,2.4,4.6,21.5,2.7,37.8,5,0,37.3,185,45,360,64,33,27,29,230,111,82,332,34,30,284,126,82,88,63,42,63,271,23,65,22,34,20,43,106,44,39,1,0.296,9.5,0.114,0.546,0.204,0.082,98.57,78,223.0,Jaylen Brown,BOS,30.5,23.7,1.5,3,3-and-D игрок,2.2333424,6.8052945
1641740,Jaylen Clark,Jaylen,1610612750,MIN,24.0,45,28,12,0.7,13.0,1.4,3.0,0.479,0.6,1.3,0.44,0.7,0.9,0.791,0.7,0.7,1.4,0.7,0.2,1.0,0.1,0.3,1.5,0.8,4.3,2.1,9.3,0,0,8.5,342,220,414,72,400,431,448,221,354,394,33,332,344,243,321,517,478,461,524,150,506,348,311,369,425,162,430,281,44,440,1,0.11,5.6,0.057,0.592,0.067,0.05,101.98,76,205.0,Jaylen Clark,MIN,7.3,4.6,1.1,1,Плеймейкер,9.953019,4.3218937
1642377,Jaylen Wells,Jaylen,1610612763,MEM,22.0,82,47,32,0.595,25.9,3.6,8.6,0.433,1.7,5.0,0.345,1.4,1.7,0.832,1.1,2.3,3.8,1.9,1.0,0.7,0.1,0.4,1.8,1.9,11.5,1.8,18.2,1,0,18.6,23,36,143,180,166,196,169,371,122,114,241,181,207,161,164,303,255,252,287,324,456,218,205,148,174,111,259,198,44,234,1,0.163,4.7,0.065,0.56,0.082,0.061,104.64,80,,Jaylen Wells,MEM,17.0,12.4,0.8,1,Плеймейкер,7.126562,3.72649
1631119,Jaylin Williams,Jaylin,1610612760,OKC,24.0,52,40,7,0.851,16.7,2.1,4.7,0.434,1.3,3.3,0.412,0.5,0.6,0.779,1.0,4.6,6.3,2.9,0.8,0.6,0.7,0.1,1.7,0.9,6.6,4.2,18.9,4,3,17.5,298,89,467,18,337,359,352,312,192,226,88,407,418,280,178,81,103,155,328,373,112,475,251,328,348,18,239,116,11,254,1,0.135,17.9,0.124,0.596,0.19,0.158,102.7,81,240.0,Jaylin Williams,OKC,16.3,8.0,1.3,1,Плеймейкер,7.2707477,3.0724854
1642281,Jaylon Tyson,Jaylon,1610612739,CLE,23.0,52,37,10,0.787,9.6,1.4,3.2,0.429,0.4,1.2,0.352,0.4,0.5,0.802,0.8,1.3,2.1,0.9,0.6,0.3,0.1,0.2,1.1,0.5,3.8,2.0,7.9,1,0,7.6,298,124,443,39,462,436,441,350,388,396,258,436,449,232,268,431,405,406,405,466,497,366,406,436,447,244,462,198,44,461,1,0.169,-0.4,0.075,0.532,0.135,0.097,101.31,78,215.0,Jaylon Tyson,CLE,6.6,4.2,0.4,1,Плеймейкер,10.805624,5.7827506
1628369,Jayson Tatum,Jayson,1610612738,BOS,28.0,73,53,19,0.736,36.4,9.2,20.3,0.442,3.5,10.1,0.342,5.0,6.1,0.816,0.7,8.0,8.6,6.0,2.9,1.1,0.5,0.8,2.2,4.3,26.6,6.0,48.0,31,2,48.1,95,17,329,60,8,10,7,272,8,5,266,18,17,184,309,9,24,27,25,88,139,67,126,28,6,8,7,18,15,6,1,0.297,9.8,0.158,0.596,0.266,0.112,98.14,80,210.0,Jayson Tatum,BOS,39.9,29.6,1.6,3,3-and-D игрок,1.9044703,6.2932277
1630288,Jeff Dowtin Jr.,Jeff,1610612755,PHI,29.0,42,10,31,0.244,15.1,2.7,5.6,0.499,0.7,1.7,0.393,0.8,1.1,0.738,0.3,1.2,1.5,1.8,0.4,0.6,0.3,0.3,0.7,0.9,6.8,-1.1,13.8,0,0,12.8,336,419,158,499,363,284,305,161,330,364,78,301,296,342,478,444,461,228,465,312,278,308,477,322,299,440,340,281,44,351,1,0.165,-9.2,0.106,0.57,0.196,0.047,99.32,75,177.0,Jeff Dowtin Jr.,PHI,10.6,7.7,0.9,1,Плеймейкер,8.719631,5.9191747
201145,Jeff Green,Jeff,1610612745,HOU,39.0,38,20,12,0.625,12.4,1.9,3.8,0.494,0.9,2.5,0.38,0.7,0.8,0.82,0.3,1.5,1.6,0.5,0.3,0.2,0.1,0.1,1.0,0.6,4.9,-1.4,9.1,0,0,9.3,397,296,414,127,413,374,395,118,284,301,183,350,373,204,453,408,423,463,502,500,433,507,416,425,366,363,437,281,44,420,1,0.148,-3.9,0.085,0.658,0.068,0.065,100.43,80,235.0,Jeff Green,HOU,7.0,5.2,0.3,1,Плеймейкер,8.89275,5.1074643
203924,Jerami Grant,Jerami,1610612757,POR,32.0,46,22,25,0.468,32.4,4.6,12.2,0.368,2.3,6.3,0.372,3.0,3.5,0.841,0.6,2.9,3.5,2.1,1.4,0.9,1.0,0.9,2.3,2.6,14.3,-4.6,26.0,0,0,26.0,298,274,256,318,59,142,89,488,58,49,191,69,75,107,357,206,247,194,155,166,46,45,93,97,103,504,128,281,44,120,1,0.185,-6.1,0.07,0.532,0.099,0.05,100.41,79,210.0,Jerami Grant,POR,20.4,15.4,1.9,2,Большой (Big Man),6.136298,7.3489175
1630526,Jeremiah Robinson-Earl,Jeremiah,1610612740,NOP,25.0,61,17,49,0.258,18.8,2.4,5.3,0.447,0.8,2.5,0.347,0.7,0.8,0.846,1.7,3.1,5.0,1.3,0.8,0.6,0.1,0.3,1.2,0.7,6.5,-2.5,15.4,4,0,14.7,156,323,19,487,301,327,313,260,295,298,273,345,369,127,82,184,142,322,318,311,448,328,379,378,331,515,314,116,44,313,1,0.141,-11.8,0.087,0.56,0.101,0.122,100.95,80,240.0,Jeremiah Robinson-Earl,NOP,12.7,7.2,0.7,1,Плеймейкер,8.681832,6.805555
1631110,Jeremy Sochan,Jeremy,1610612759,SAS,23.0,54,21,33,0.389,25.3,4.6,8.7,0.534,0.5,1.7,0.316,1.6,2.3,0.708,2.4,4.2,7.1,2.6,1.8,0.9,0.5,0.9,2.4,1.9,12.5,0.3,25.2,8,0,23.5,258,280,130,397,177,139,164,75,363,367,366,154,135,397,38,92,65,169,130,182,149,53,70,143,153,390,138,77,44,147,1,0.189,-2.7,0.101,0.6,0.138,0.121,101.53,80,230.0,Jeremy Sochan,SAS,21.8,13.8,1.4,2,Большой (Big Man),4.60554,4.649416
1630579,Jericho Sims,Jericho,1610612749,MIL,27.0,50,34,19,0.642,11.9,0.8,1.3,0.629,0.0,0.0,0.0,0.2,0.2,0.625,1.3,2.4,3.8,0.6,0.6,0.2,0.4,0.2,1.2,0.4,1.8,0.1,8.3,0,0,7.3,263,157,329,105,425,490,534,29,499,542,499,519,522,478,116,284,219,466,376,499,240,424,372,465,510,196,457,281,44,465,2,0.079,2.4,0.07,0.65,0.068,0.156,98.7,82,250.0,Jericho Sims,MIL,6.2,2.1,0.6,0,Звезда лиги,4.3047357,1.6131656
1641724,Jett Howard,Jett,1610612753,ORL,22.0,55,29,31,0.483,11.7,1.6,4.4,0.385,0.9,3.1,0.31,0.3,0.4,0.71,0.3,0.8,1.3,0.8,0.7,0.2,0.2,0.1,1.1,0.3,5.0,1.3,7.6,0,0,8.1,206,212,158,306,431,409,370,487,281,244,387,482,482,398,456,493,495,446,380,491,378,483,392,508,399,381,469,281,44,451,1,0.193,-5.7,0.045,0.485,0.102,0.048,99.92,78,215.0,Jett Howard,ORL,6.8,5.4,0.4,4,Ролевой игрок,10.595596,7.137031
1628975,Jevon Carter,Jevon,1610612741,CHI,30.0,37,13,23,0.361,8.9,1.5,4.1,0.375,1.0,2.9,0.323,0.2,0.3,0.786,0.1,1.0,1.1,1.1,0.3,0.4,0.1,0.1,0.4,0.2,4.3,2.6,8.2,0,0,8.3,370,382,280,422,467,422,383,484,272,260,297,496,514,213,540,472,502,362,496,426,474,467,517,526,410,166,458,281,44,445,1,0.21,3.3,0.082,0.508,0.166,0.054,106.46,73,200.0,Jevon Carter,CHI,6.7,4.8,0.5,4,Ролевой игрок,10.759514,6.783956
202710,Jimmy Butler III,Jimmy,1610612744,GSW,36.0,56,36,19,0.655,31.7,5.5,10.9,0.509,0.6,1.9,0.308,6.0,7.1,0.829,2.3,3.1,5.3,5.3,1.3,1.4,0.3,0.9,0.9,5.1,17.3,3.8,35.9,6,3,32.4,253,136,329,97,74,98,113,117,349,349,366,9,10,119,43,183,107,38,168,34,257,39,431,15,73,51,56,93,11,71,2,0.217,6.3,0.145,0.625,0.26,0.085,98.95,79,230.0,Jimmy Butler III,GSW,28.3,20.0,1.7,3,3-and-D игрок,4.518017,4.29316
1629111,Jock Landale,Jock,1610612745,HOU,30.0,42,26,16,0.619,11.9,1.9,3.6,0.538,0.3,0.6,0.427,0.6,1.0,0.679,1.3,1.9,3.3,0.9,0.5,0.3,0.2,0.4,1.2,0.8,4.9,1.1,11.1,1,0,10.3,330,240,369,141,426,373,406,78,430,473,40,354,334,431,118,351,276,417,415,448,326,222,389,345,387,293,389,198,44,400,1,0.157,-2.1,0.097,0.601,0.102,0.125,103.58,83,255.0,Jock Landale,HOU,9.1,5.4,0.5,1,Плеймейкер,8.776845,4.9363356
1628381,John Collins,John,1610612762,UTA,28.0,44,12,28,0.3,30.5,7.0,13.3,0.518,1.5,3.7,0.399,3.5,4.1,0.839,2.2,6.0,8.5,2.1,2.7,1.0,1.0,1.4,2.9,3.9,19.6,1.7,35.1,13,0,34.6,342,393,209,456,92,56,76,84,169,188,89,47,55,111,46,34,31,208,41,117,42,5,20,40,58,272,63,46,44,59,1,0.227,-0.9,0.129,0.618,0.105,0.128,101.72,81,226.0,John Collins,UTA,29.5,20.7,2.0,3,3-and-D игрок,3.466639,4.691378
1629723,John Konchar,John,1610612763,MEM,30.0,45,26,20,0.565,12.1,0.9,2.0,0.453,0.5,1.3,0.378,0.2,0.2,0.871,0.8,2.5,3.4,0.9,0.3,0.7,0.3,0.1,0.7,0.4,2.4,1.8,10.3,0,0,9.0,307,240,318,218,422,487,497,275,366,388,170,518,529,77,260,272,274,409,474,273,267,474,479,482,487,153,411,281,44,424,1,0.091,5.4,0.094,0.592,0.095,0.123,105.46,77,210.0,John Konchar,MEM,7.4,2.8,1.0,1,Плеймейкер,10.28789,4.4883566
1631098,Johnny Davis,Johnny,1610612764,WAS,24.0,41,4,30,0.118,7.1,0.9,2.3,0.398,0.2,0.9,0.241,0.3,0.4,0.605,0.3,0.8,1.1,0.3,0.2,0.4,0.2,0.1,0.5,0.4,2.4,-2.9,5.8,0,0,5.2,387,493,176,549,499,485,484,415,450,449,450,483,463,482,475,498,498,524,523,392,387,490,506,468,489,310,494,281,44,499,1,0.144,-2.5,0.067,0.467,0.064,0.069,106.66,76,195.0,Johnny Davis,WAS,4.2,2.6,0.6,4,Ролевой игрок,11.197458,7.916153
1642277,Johnny Furphy,Johnny,1610612754,IND,21.0,53,31,19,0.62,7.6,0.7,1.8,0.384,0.3,1.0,0.305,0.4,0.4,0.827,0.5,1.0,1.5,0.4,0.2,0.4,0.2,0.2,0.8,0.5,2.3,-1.4,5.8,0,0,5.3,283,186,329,138,490,508,503,481,416,419,379,450,464,169,406,474,468,513,512,428,341,379,460,460,502,199,493,281,44,498,1,0.125,0.6,0.059,0.495,0.063,0.093,105.49,81,200.0,Johnny Furphy,IND,4.6,2.5,0.6,4,Ролевой игрок,11.151899,7.666627
1630548,Johnny Juzang,Johnny,1610612762,UTA,25.0,70,15,49,0.234,19.8,3.2,7.4,0.435,1.8,4.9,0.377,0.7,0.8,0.838,0.7,2.2,3.0,1.1,0.6,0.6,0.1,0.2,2.0,0.7,9.1,-4.6,15.6,0,0,16.2,170,349,19,504,275,236,225,351,109,119,148,343,370,108,320,314,321,373,402,295,433,365,178,398,229,531,311,281,44,284,1,0.172,-13.1,0.071,0.563,0.08,0.07,102.1,77,226.0,Johnny Juzang,UTA,13.3,9.6,0.7,1,Плеймейкер,8.479849,6.5468965
202685,Jonas Valančiūnas,Jonas,1610612758,SAC,34.0,82,23,58,0.284,18.8,4.3,7.7,0.545,0.1,0.5,0.222,1.8,2.0,0.89,2.3,5.4,7.5,2.0,1.5,0.5,0.6,0.5,2.2,2.1,10.1,-3.2,24.3,21,0,22.3,12,265,3,468,299,154,205,69,478,485,466,133,161,70,39,42,42,206,143,380,123,187,114,130,175,488,146,28,44,161,2,0.228,-9.6,0.147,0.608,0.171,0.203,101.28,83,265.0,Jonas Valančiūnas,SAC,19.2,11.1,1.1,0,Звезда лиги,5.8734093,5.1947384
1628371,Jonathan Isaac,Jonathan,1610612753,ORL,28.0,74,35,36,0.493,15.4,1.9,4.6,0.422,0.5,2.1,0.252,1.0,1.5,0.685,1.7,2.7,4.6,0.6,0.5,0.9,1.1,0.2,1.3,1.1,5.6,-0.9,17.0,2,0,14.9,108,149,106,291,359,380,363,409,356,325,434,254,230,420,80,230,163,479,432,171,33,404,361,282,367,288,283,159,44,310,1,0.141,-0.7,0.108,0.497,0.056,0.141,98.62,82,230.0,Jonathan Isaac,ORL,12.3,5.9,2.0,4,Ролевой игрок,6.900676,4.898696
1630228,Jonathan Kuminga,Jonathan,1610612744,GSW,23.0,39,28,19,0.596,24.3,5.5,12.1,0.439,1.0,3.2,0.314,3.3,5.0,0.671,1.2,3.4,4.8,2.3,1.6,0.8,0.4,1.0,1.9,3.1,16.1,-1.2,26.4,2,0,25.6,298,220,329,179,197,96,94,264,271,231,374,57,33,437,145,143,150,190,136,194,190,27,189,66,92,224,123,159,44,126,1,0.263,1.0,0.11,0.545,0.151,0.088,100.21,79,225.0,Jonathan Kuminga,GSW,22.8,17.2,1.2,2,Большой (Big Man),4.7617617,6.505084
1642367,Jonathan Mogbo,Jonathan,1610612761,TOR,24.0,61,18,45,0.286,20.4,2.5,5.7,0.434,0.3,1.1,0.245,1.0,1.3,0.724,1.7,3.2,5.1,2.4,1.1,0.9,0.5,0.5,2.2,1.1,6.4,-3.5,18.7,3,1,16.5,185,312,38,464,265,314,303,317,429,410,449,267,265,346,77,170,131,174,221,165,133,181,130,283,337,489,250,134,20,274,1,0.15,-8.2,0.083,0.491,0.16,0.114,102.69,81,225.0,Jonathan Mogbo,TOR,14.2,7.6,1.4,4,Ролевой игрок,7.1441536,7.6192703
203903,Jordan Clarkson,Jordan,1610612762,UTA,34.0,29,10,27,0.27,26.0,5.4,13.3,0.395,2.3,6.3,0.359,3.1,3.9,0.809,0.7,2.5,3.3,3.8,2.3,0.8,0.2,1.0,1.4,3.0,16.5,-5.9,26.6,0,0,27.6,361,419,222,478,162,99,75,421,59,52,204,67,67,225,305,267,282,95,58,180,320,30,333,72,86,530,121,281,44,107,1,0.279,-10.0,0.102,0.541,0.238,0.058,102.16,75,194.0,Jordan Clarkson,UTA,22.3,18.4,1.0,2,Большой (Big Man),4.1550646,7.176951
1630692,Jordan Goodwin,Jordan,1610612747,LAL,27.0,31,17,12,0.586,18.7,2.2,5.0,0.424,0.9,2.3,0.381,0.3,0.4,0.82,1.3,2.6,4.0,1.4,0.9,1.0,0.4,0.2,1.5,0.4,5.7,-1.8,15.7,0,0,14.6,412,323,414,193,304,352,336,319,286,311,130,468,483,169,125,254,206,295,278,93,230,359,320,466,361,269,307,281,44,319,1,0.138,-1.2,0.08,0.553,0.108,0.101,99.53,77,215.0,Jordan Goodwin,LAL,11.6,6.4,1.4,1,Плеймейкер,8.475208,7.1889696
1641722,Jordan Hawkins,Jordan,1610612740,NOP,24.0,53,18,38,0.321,23.6,3.7,9.9,0.362,2.0,5.9,0.334,1.4,1.8,0.815,0.4,2.4,3.0,1.3,1.1,0.5,0.4,0.5,0.9,1.3,11.5,-3.6,17.7,0,0,18.6,246,312,85,444,211,188,132,489,92,66,308,177,198,177,412,286,327,347,242,342,213,199,439,245,166,532,267,281,44,231,1,0.209,-11.4,0.066,0.511,0.076,0.056,101.14,77,190.0,Jordan Hawkins,NOP,15.6,12.2,0.9,4,Ролевой игрок,7.5133195,7.929429
1629162,Jordan McLaughlin,Jordan,1610612759,SAS,30.0,44,17,29,0.37,6.8,0.7,1.6,0.422,0.4,1.0,0.409,0.4,0.5,0.77,0.1,0.5,0.7,1.1,0.3,0.3,0.0,0.1,0.4,0.5,2.1,0.5,5.3,0,0,5.0,307,323,188,412,502,512,523,344,389,419,52,448,457,268,536,532,541,363,474,433,517,491,526,442,497,154,501,281,44,500,2,0.143,9.1,0.083,0.612,0.208,0.05,99.58,72,185.0,Jordan McLaughlin,SAS,3.9,2.7,0.3,1,Плеймейкер,9.883487,4.88655
1641757,Jordan Miller,Jordan,1610612746,LAC,26.0,40,21,16,0.568,11.4,1.6,3.6,0.427,0.2,1.0,0.222,0.8,0.9,0.802,0.6,0.9,1.7,0.9,0.7,0.5,0.1,0.3,0.7,0.7,4.3,0.6,8.4,0,0,8.0,361,280,369,216,435,420,405,337,446,418,469,319,337,213,330,476,448,408,345,377,426,281,478,390,421,394,455,281,44,453,1,0.184,-6.0,0.07,0.498,0.124,0.068,100.15,77,194.0,Jordan Miller,LAC,6.8,4.8,0.6,4,Ролевой игрок,10.618248,7.5741596
1629673,Jordan Poole,Jordan,1610612764,WAS,27.0,67,15,53,0.221,29.4,6.7,15.5,0.423,3.5,9.1,0.364,3.6,4.0,0.892,0.5,2.5,3.0,4.5,3.0,1.3,0.4,1.0,3.0,4.2,20.6,-5.4,32.7,1,0,34.7,138,349,14,511,110,63,50,339,9,9,140,42,57,61,407,265,306,68,17,45,221,30,15,29,46,561,77,198,44,58,1,0.271,-13.1,0.107,0.579,0.254,0.046,103.95,76,194.0,Jordan Poole,WAS,26.8,22.8,1.7,3,3-and-D игрок,3.6339767,7.043576
1641775,Jordan Walsh,Jordan,1610612738,BOS,22.0,48,39,13,0.75,7.8,0.6,1.6,0.349,0.3,1.1,0.273,0.1,0.2,0.582,0.4,0.9,1.4,0.4,0.3,0.2,0.2,0.1,0.6,0.3,1.7,-1.8,4.7,0,0,4.4,267,100,403,56,487,523,522,500,423,413,420,526,523,493,415,486,477,516,487,486,354,511,497,511,524,195,513,281,44,514,1,0.106,3.8,0.045,0.472,0.064,0.085,98.14,78,205.0,Jordan Walsh,BOS,3.6,1.9,0.4,4,Ролевой игрок,11.181041,7.9348764
1630631,Jose Alvarado,Jose,1610612740,NOP,28.0,63,19,37,0.339,24.4,3.6,9.3,0.401,2.0,5.5,0.346,1.1,1.3,0.803,0.5,1.9,2.5,4.8,1.6,1.3,0.3,0.4,1.6,1.3,10.7,-2.8,23.4,2,0,22.5,246,302,96,435,193,193,146,458,87,91,212,246,262,193,395,348,369,60,134,40,309,207,272,235,178,502,160,159,44,155,1,0.187,-8.7,0.09,0.518,0.278,0.047,99.89,72,179.0,Jose Alvarado,NOP,18.0,13.1,1.6,2,Большой (Big Man),5.382872,6.4045506
1630581,Josh Giddey,Josh,1610612741,CHI,23.0,72,33,37,0.471,30.2,5.3,11.4,0.459,1.5,4.0,0.376,2.5,3.2,0.78,1.8,6.3,8.8,7.8,3.1,1.3,0.6,0.9,1.7,2.6,15.8,-0.3,37.7,30,7,35.1,118,166,96,315,95,105,105,226,164,176,142,87,85,248,68,30,34,13,26,57,104,35,232,98,100,331,44,21,7,56,1,0.219,-1.4,0.13,0.578,0.322,0.127,104.47,80,216.0,Josh Giddey,CHI,31.2,19.7,1.9,3,3-and-D игрок,2.591924,6.101472
1630182,Josh Green,Josh,1610612766,CHA,25.0,67,17,51,0.25,27.8,2.6,6.2,0.431,1.4,3.6,0.404,0.7,1.1,0.671,0.8,1.7,2.6,1.7,1.0,1.2,0.2,0.4,2.4,1.3,7.8,-2.9,15.8,0,0,15.6,138,323,16,489,133,291,281,361,176,191,111,335,302,425,254,380,360,275,243,80,340,236,69,247,276,526,306,281,44,294,1,0.127,-8.9,0.043,0.562,0.081,0.043,100.08,77,200.0,Josh Green,CHA,12.5,8.6,1.4,1,Плеймейкер,8.272007,6.9410877
1628404,Josh Hart,Josh,1610612752,NYK,31.0,81,48,29,0.623,37.6,5.2,10.0,0.512,1.1,3.3,0.346,2.1,2.7,0.788,2.1,7.5,9.4,5.8,2.1,1.5,0.4,0.8,2.6,2.4,13.3,0.4,37.6,34,9,34.0,43,30,188,132,2,108,127,88,239,225,297,110,113,261,51,13,20,28,74,20,243,71,43,111,117,100,45,16,5,63,1,0.137,3.6,0.119,0.601,0.206,0.13,97.79,76,215.0,Josh Hart,NYK,28.3,16.2,1.9,3,3-and-D игрок,3.631151,4.5831366
1631169,Josh Minott,Josh,1610612750,MIN,23.0,51,32,14,0.696,6.0,1.0,2.0,0.487,0.3,0.9,0.316,0.4,0.4,0.903,0.3,0.8,1.1,0.4,0.2,0.3,0.3,0.1,0.7,0.3,2.9,-0.5,5.9,0,0,5.5,307,179,392,75,511,483,498,153,415,441,323,448,472,45,488,503,508,512,514,442,303,455,471,501,479,265,491,281,44,493,1,0.16,-3.0,0.095,0.601,0.096,0.081,104.77,80,205.0,Josh Minott,MIN,4.8,3.1,0.6,1,Плеймейкер,9.908749,5.6227827
1629006,Josh Okogie,Josh,1610612766,CHA,27.0,38,11,29,0.275,15.6,2.4,5.3,0.44,0.8,2.3,0.36,1.6,2.1,0.749,1.1,1.7,2.9,0.8,0.8,1.3,0.5,0.5,1.2,1.7,7.4,-2.3,16.0,1,0,14.9,342,407,188,474,355,333,311,299,304,316,251,161,152,335,158,382,326,427,317,57,171,162,387,173,293,263,303,198,44,309,2,0.194,-0.5,0.1,0.557,0.082,0.086,98.69,76,213.0,Josh Okogie,CHA,12.1,7.8,1.8,1,Плеймейкер,8.080534,7.1496887
201950,Jrue Holiday,Jrue,1610612738,BOS,36.0,68,47,15,0.758,30.6,4.1,9.2,0.445,1.7,4.9,0.346,1.1,1.2,0.902,1.2,3.0,3.9,3.6,1.1,1.0,0.4,0.4,1.6,1.2,10.1,6.8,25.2,1,0,23.9,192,36,382,55,90,161,149,301,124,117,235,227,271,34,140,191,172,89,187,85,198,248,270,255,158,29,139,198,44,141,1,0.143,8.9,0.088,0.565,0.174,0.065,99.38,76,205.0,Jrue Holiday,BOS,17.9,11.9,1.4,2,Большой (Big Man),7.116454,2.9557295
1630577,Julian Champagnie,Julian,1610612759,SAS,25.0,82,34,48,0.415,23.6,3.4,8.1,0.418,2.2,5.9,0.374,1.0,1.1,0.906,0.8,3.1,4.2,1.5,1.0,0.8,0.4,0.4,1.4,0.7,10.7,1.5,19.2,0,0,19.7,1,157,23,378,212,214,185,406,68,73,172,251,286,39,257,187,204,318,275,229,206,232,337,404,193,314,236,281,44,207,1,0.173,-2.1,0.079,0.573,0.078,0.077,102.25,79,217.0,Julian Champagnie,SAS,16.6,11.4,1.2,1,Плеймейкер,7.039894,3.7209108
1641763,Julian Phillips,Julian,1610612741,CHI,22.0,75,37,42,0.468,14.2,1.6,3.6,0.454,0.6,1.9,0.313,0.8,1.0,0.795,0.8,1.3,2.3,0.6,0.3,0.6,0.3,0.2,1.4,0.8,5.1,2.1,9.8,0,0,9.4,23,124,47,316,383,412,403,289,343,344,318,318,333,235,244,427,396,491,478,366,308,384,340,364,391,204,424,281,44,419,1,0.116,1.8,0.055,0.578,0.045,0.07,104.0,80,198.0,Julian Phillips,CHI,8.6,5.4,0.9,1,Плеймейкер,10.407717,4.7480936
1631124,Julian Strawther,Julian,1610612743,DEN,24.0,67,41,24,0.631,21.3,3.2,7.5,0.432,1.4,4.1,0.36,1.1,1.4,0.837,0.3,1.9,2.3,1.4,0.9,0.6,0.2,0.3,2.3,1.5,9.5,-2.3,15.2,0,0,15.6,162,83,271,120,246,230,222,340,173,165,249,225,252,161,487,353,393,331,286,303,318,311,92,201,222,349,319,281,44,291,1,0.173,-2.5,0.057,0.55,0.082,0.049,102.79,78,205.0,Julian Strawther,DEN,13.1,10.2,0.8,1,Плеймейкер,8.27455,6.787491
203944,Julius Randle,Julius,1610612750,MIN,31.0,69,44,25,0.638,32.3,6.6,13.6,0.482,1.6,4.6,0.348,3.9,4.9,0.807,2.1,5.0,7.5,4.9,2.9,0.7,0.2,0.9,2.5,3.7,19.6,0.9,34.1,14,0,33.8,129,62,256,109,62,68,74,165,160,140,264,33,35,205,52,61,53,59,30,256,329,48,51,43,61,110,67,40,44,64,1,0.26,3.4,0.124,0.58,0.228,0.108,98.45,81,250.0,Julius Randle,MIN,30.0,22.0,0.9,3,3-and-D игрок,3.0212348,6.638339
1630551,Justin Champagnie,Justin,1610612764,WAS,25.0,59,16,46,0.258,21.6,3.4,6.6,0.5,1.2,3.1,0.379,0.8,1.2,0.686,1.8,3.9,6.0,1.1,0.9,1.1,0.6,0.4,1.8,0.9,9.3,-3.9,21.2,8,0,20.0,192,340,32,486,239,211,261,106,211,241,127,299,281,415,70,111,96,400,288,90,110,248,225,336,235,510,195,77,44,201,1,0.135,-9.7,0.101,0.605,0.066,0.119,102.96,78,206.0,Justin Champagnie,WAS,17.2,9.9,1.7,2,Большой (Big Man),6.848441,5.326939
1642348,Justin Edwards,Justin,1610612755,PHI,22.0,40,11,33,0.25,26.2,3.9,8.6,0.457,1.6,4.3,0.353,0.7,1.0,0.71,1.0,2.3,3.7,1.8,1.2,1.1,0.4,0.6,2.2,0.9,11.1,-4.5,19.5,1,0,19.4,322,407,130,489,160,171,168,261,158,152,200,331,307,398,174,300,261,278,219,96,237,142,118,332,188,540,230,198,44,216,1,0.173,-11.6,0.062,0.573,0.084,0.065,99.43,79,203.0,Justin Edwards,PHI,16.9,12.0,1.5,2,Большой (Big Man),6.038944,6.751336
203994,Jusuf Nurkić,Jusuf,1610612766,CHA,31.0,50,18,33,0.353,20.8,3.3,6.9,0.474,0.6,2.1,0.302,1.7,2.5,0.651,1.7,6.1,7.8,2.3,1.9,0.8,0.7,0.3,2.5,2.5,8.9,-3.0,24.1,10,0,22.5,275,312,130,428,257,225,250,183,344,332,373,142,122,448,82,32,38,182,85,206,96,294,47,102,230,485,150,62,44,157,2,0.202,-9.0,0.116,0.561,0.167,0.181,99.79,84,290.0,Jusuf Nurkić,CHA,18.6,10.0,1.5,2,Большой (Big Man),5.566066,5.1429987
1630231,KJ Martin,KJ,1610612762,UTA,25.0,47,11,32,0.256,21.2,2.6,4.7,0.551,0.3,1.3,0.266,0.9,1.1,0.784,0.7,2.2,3.0,1.2,0.6,0.4,0.5,0.5,2.3,0.8,6.7,-0.9,13.7,0,0,12.6,328,407,143,488,251,298,354,68,405,387,433,284,297,238,294,316,318,360,403,411,145,198,86,344,329,468,344,281,44,355,2,0.123,-8.1,0.061,0.622,0.074,0.067,100.63,78,215.0,KJ Martin,UTA,11.2,7.3,0.9,1,Плеймейкер,8.318793,4.9715495
1642354,KJ Simpson,KJ,1610612766,CHA,23.0,39,3,33,0.083,23.4,2.9,8.4,0.345,0.9,3.6,0.264,1.1,1.4,0.805,1.1,1.9,3.1,3.2,1.7,0.9,0.2,0.5,1.6,2.1,8.1,-5.6,17.9,0,0,17.1,370,508,130,555,214,270,175,511,281,198,438,224,251,168,169,349,299,124,130,128,398,172,296,127,268,557,263,281,44,265,1,0.201,-15.4,0.06,0.445,0.21,0.06,99.1,72,189.0,KJ Simpson,CHA,13.8,9.7,1.1,4,Ролевой игрок,7.597046,8.141911
1630539,Kai Jones,Kai,1610612742,DAL,25.0,44,20,20,0.5,11.7,2.2,2.7,0.789,0.0,0.1,0.21,0.6,0.8,0.726,1.0,2.1,3.4,0.6,0.5,0.4,0.6,0.1,1.3,0.7,5.4,-1.6,12.0,1,0,10.6,342,296,318,266,428,351,467,3,496,518,471,381,375,366,183,328,290,463,439,420,122,499,366,397,383,287,377,198,44,393,2,0.14,-2.3,0.131,0.794,0.08,0.133,99.77,83,221.0,Kai Jones,DAL,9.9,5.7,1.0,0,Звезда лиги,4.383579,2.1626263
1626157,Karl-Anthony Towns,Karl-Anthony,1610612752,NYK,30.0,70,46,26,0.639,35.0,8.9,16.9,0.541,2.0,4.7,0.427,4.7,5.7,0.833,2.9,9.8,12.8,3.1,2.7,1.0,0.7,1.2,3.5,4.8,24.4,6.7,46.8,58,1,45.6,95,45,237,106,25,17,37,87,89,130,43,22,21,144,20,3,2,125,39,114,89,13,2,19,19,34,10,4,20,10,1,0.264,6.8,0.161,0.621,0.13,0.187,99.25,84,248.0,Karl-Anthony Towns,NYK,39.3,26.0,1.7,3,3-and-D игрок,2.8634741,5.0176167
1631255,Karlo Matković,Karlo,1610612740,NOP,25.0,41,12,30,0.286,18.8,3.2,5.6,0.571,0.5,1.6,0.321,0.8,1.0,0.76,1.5,3.5,5.4,1.2,1.1,0.5,1.1,0.3,2.5,1.0,8.2,-1.5,18.8,4,0,17.3,330,393,176,464,298,233,306,54,366,375,343,297,305,268,99,141,130,367,247,343,47,336,54,316,269,420,243,116,44,261,1,0.162,-4.7,0.096,0.649,0.083,0.129,101.91,82,231.0,Karlo Matković,NOP,15.3,8.8,1.6,0,Звезда лиги,4.378875,2.8598511
202695,Kawhi Leonard,Kawhi,1610612746,LAC,35.0,39,26,11,0.703,31.9,8.4,16.8,0.484,2.1,5.1,0.409,2.6,3.3,0.818,0.9,5.0,5.7,3.0,1.8,1.6,0.5,0.3,1.5,3.3,20.9,4.3,37.5,5,0,36.8,361,240,425,70,70,25,38,137,79,104,58,76,84,197,210,60,83,122,82,17,178,304,313,58,38,4,46,106,44,47,1,0.282,12.4,0.134,0.59,0.147,0.098,97.26,79,225.0,Kawhi Leonard,LAC,29.9,22.4,2.1,3,3-and-D игрок,1.753792,6.6823473
1630811,Keaton Wallace,Keaton,1610612737,ATL,27.0,37,15,16,0.484,16.2,2.1,5.2,0.402,0.9,2.6,0.341,0.4,0.4,0.993,0.2,1.4,1.7,2.8,1.2,1.0,0.3,0.1,1.3,0.4,5.7,-2.9,13.8,1,1,12.9,402,349,369,304,346,356,316,442,291,284,313,452,493,1,505,419,442,150,232,149,281,485,365,474,365,294,341,198,20,350,1,0.168,-2.2,0.074,0.489,0.224,0.047,102.77,75,185.0,Keaton Wallace,ATL,10.3,7.1,1.3,4,Ролевой игрок,7.625937,7.9294286
1631099,Keegan Murray,Keegan,1610612758,SAC,25.0,82,36,40,0.474,34.3,4.8,10.8,0.458,2.0,5.9,0.338,0.8,0.9,0.82,1.9,4.8,7.1,1.5,0.8,0.8,1.0,0.4,2.4,1.0,13.1,2.2,26.9,11,0,25.9,51,136,59,309,31,132,115,298,85,69,268,307,336,131,59,70,61,300,314,198,59,250,64,295,134,191,118,55,44,122,1,0.144,1.5,0.075,0.563,0.055,0.095,100.09,80,225.0,Keegan Murray,SAC,22.7,13.8,1.8,2,Большой (Big Man),5.224548,4.6402116
1642276,Kel'el Ware,Kel'el,1610612748,MIA,22.0,62,28,36,0.438,22.2,4.0,7.3,0.546,0.5,1.7,0.301,0.7,1.0,0.675,1.8,5.6,8.2,1.0,1.0,0.7,1.2,0.3,1.7,0.9,10.3,-0.3,23.8,15,0,21.6,170,220,106,357,228,165,230,67,357,362,350,337,306,413,69,40,47,405,279,295,35,333,237,335,212,190,156,37,44,174,1,0.164,1.9,0.119,0.608,0.062,0.167,98.6,84,230.0,Kel'el Ware,MIA,20.4,10.8,1.9,0,Звезда лиги,4.0455556,2.9235373
1629640,Keldon Johnson,Keldon,1610612759,SAS,26.0,70,31,46,0.403,23.9,4.8,10.0,0.487,1.1,3.6,0.307,1.9,2.5,0.765,1.5,3.4,5.0,1.7,1.0,0.6,0.3,0.5,1.5,1.8,13.1,-3.2,22.7,3,0,22.1,43,186,32,388,205,128,127,174,226,205,345,121,120,266,104,151,138,267,250,284,282,188,316,154,127,452,174,134,44,163,1,0.211,-5.8,0.103,0.577,0.105,0.096,102.06,77,220.0,Keldon Johnson,SAS,19.7,14.0,0.9,2,Большой (Big Man),6.4462543,5.8622575
203482,Kelly Olynyk,Kelly,1610612740,NOP,35.0,46,12,32,0.273,20.2,3.0,6.1,0.512,0.8,1.8,0.405,1.9,2.5,0.779,1.4,3.3,4.6,2.9,1.7,0.8,0.4,0.3,2.8,2.2,8.6,-1.4,20.5,2,0,19.4,322,393,143,475,266,251,285,125,311,358,45,128,126,276,109,164,147,131,105,219,200,306,25,124,237,372,210,159,44,213,2,0.191,-2.7,0.098,0.617,0.2,0.112,100.28,83,240.0,Kelly Olynyk,NOP,15.6,10.0,1.2,2,Большой (Big Man),6.586266,5.6451077
1626162,Kelly Oubre Jr.,Kelly,1610612755,PHI,30.0,59,21,39,0.35,34.6,5.8,12.4,0.485,1.2,4.0,0.296,2.3,3.1,0.739,1.6,4.5,5.9,1.7,1.3,1.4,0.5,1.1,3.0,2.8,14.6,-2.7,29.9,10,0,28.3,206,280,68,430,29,85,88,211,212,170,393,99,93,309,87,83,74,240,169,21,149,20,10,83,94,505,96,62,44,103,1,0.195,-5.7,0.084,0.552,0.079,0.091,98.68,80,203.0,Kelly Oubre Jr.,PHI,22.8,15.4,1.9,2,Большой (Big Man),5.0877566,5.1104336
1629026,Kenrich Williams,Kenrich,1610612760,OKC,31.0,61,58,11,0.841,16.4,2.5,5.1,0.491,1.0,2.5,0.375,0.4,0.6,0.721,0.9,2.6,3.6,1.4,0.6,0.6,0.1,0.3,1.6,0.8,6.5,3.3,14.4,2,0,13.7,129,7,425,20,342,313,322,169,276,300,120,435,437,370,214,255,245,306,400,289,419,290,281,353,332,41,330,159,44,336,1,0.143,14.5,0.093,0.581,0.111,0.102,101.26,78,210.0,Kenrich Williams,OKC,11.6,7.2,0.7,1,Плеймейкер,9.580351,4.026371
203484,Kentavious Caldwell-Pope,Kentavious,1610612763,MEM,33.0,72,38,39,0.494,29.6,3.1,7.1,0.437,1.5,4.3,0.333,1.1,1.2,0.861,0.4,1.8,2.2,1.8,0.8,1.3,0.4,0.1,1.8,1.4,8.7,1.2,18.4,0,0,17.6,43,110,68,288,108,246,242,310,172,157,269,247,272,90,417,369,391,244,311,44,194,456,227,232,236,225,257,281,44,253,1,0.116,0.5,0.065,0.58,0.086,0.038,96.52,77,204.0,Kentavious Caldwell-Pope,MEM,13.6,9.6,1.7,1,Плеймейкер,7.4376926,3.4354117
1631165,Keon Ellis,Keon,1610612758,SAC,26.0,82,39,41,0.488,24.4,2.8,5.8,0.494,1.7,4.0,0.443,0.9,1.1,0.835,0.8,1.9,2.6,1.5,0.9,1.5,0.8,0.2,2.2,1.2,8.1,0.3,19.8,0,0,18.8,16,100,54,299,195,274,299,152,127,173,31,280,300,109,273,355,348,287,282,22,74,418,123,267,257,179,222,281,44,226,1,0.128,3.0,0.073,0.658,0.08,0.055,99.07,76,175.0,Keon Ellis,SAC,13.6,8.8,2.3,1,Плеймейкер,7.221351,4.3681955
1630553,Keon Johnson,Keon,1610612751,BKN,24.0,82,25,54,0.316,24.4,3.8,9.9,0.397,1.6,5.1,0.304,1.4,1.8,0.78,0.8,3.0,4.0,2.3,1.6,1.0,0.4,0.9,2.6,1.5,11.0,-3.5,21.2,0,0,21.0,23,252,8,448,194,176,134,469,153,108,351,195,197,272,265,202,217,189,144,92,228,34,40,199,170,527,192,281,44,183,1,0.209,-10.3,0.07,0.496,0.148,0.076,98.77,77,185.0,Keon Johnson,BKN,17.1,12.2,1.4,2,Большой (Big Man),6.383866,7.501477
1630556,Kessler Edwards,Kessler,1610612742,DAL,25.0,47,17,23,0.425,15.2,1.7,3.4,0.51,0.6,1.4,0.404,0.3,0.3,0.926,0.6,2.3,3.1,1.2,0.4,0.5,0.5,0.2,1.6,0.4,4.5,-5.3,11.8,1,0,10.6,342,323,280,368,362,403,420,142,354,386,65,471,502,29,358,297,321,378,454,371,149,418,297,478,414,492,381,198,44,393,1,0.115,-12.3,0.067,0.595,0.09,0.096,102.71,79,203.0,Kessler Edwards,DAL,9.4,5.1,1.0,1,Плеймейкер,9.546945,6.0191245
201142,Kevin Durant,Kevin,1610612756,PHX,37.0,69,33,29,0.532,36.5,9.5,18.1,0.52,2.6,6.0,0.418,4.9,5.8,0.829,0.4,5.7,5.5,3.8,2.8,0.7,1.1,0.5,1.7,5.3,24.3,-1.2,43.2,5,0,43.5,192,166,188,244,7,6,22,85,37,61,35,20,19,120,441,38,80,77,16,195,27,167,253,13,7,294,18,106,44,15,1,0.273,-1.0,0.142,0.645,0.188,0.084,99.49,83,240.0,Kevin Durant,PHX,32.6,26.2,1.8,3,3-and-D игрок,3.2280717,6.445105
1628989,Kevin Huerter,Kevin,1610612741,CHI,27.0,61,39,30,0.565,24.3,3.7,8.8,0.412,1.9,5.7,0.333,0.5,0.7,0.723,0.4,2.5,3.1,2.4,1.0,1.0,0.3,0.2,1.8,0.6,10.1,-0.2,19.7,0,0,19.6,129,100,176,218,198,185,162,370,98,84,286,399,401,374,416,259,308,181,260,123,248,394,229,409,195,139,224,281,44,209,2,0.186,2.8,0.073,0.55,0.124,0.058,102.32,79,198.0,Kevin Huerter,CHI,15.9,11.3,1.3,2,Большой (Big Man),6.8649473,6.684524
201567,Kevin Love,Kevin,1610612748,MIA,37.0,21,13,10,0.565,10.9,1.8,5.0,0.364,1.0,2.9,0.361,0.7,1.0,0.702,1.0,3.1,3.7,0.9,0.5,0.6,0.2,0.3,0.9,1.0,4.8,0.9,13.5,0,0,13.0,438,382,443,218,444,391,330,502,250,262,215,346,314,398,204,180,186,403,378,273,390,337,438,314,368,348,349,281,44,345,1,0.232,-3.6,0.109,0.494,0.134,0.177,103.56,80,251.0,Kevin Love,MIA,9.7,5.2,0.8,4,Ролевой игрок,9.937498,7.4147763
1629645,Kevin Porter Jr.,Kevin,1610612749,MIL,26.0,75,43,32,0.573,19.8,3.9,8.7,0.455,0.7,2.4,0.302,1.7,2.3,0.759,0.6,3.1,3.7,3.4,1.8,1.1,0.2,0.6,1.6,1.9,10.2,-0.5,21.8,2,1,20.6,59,75,143,208,276,172,163,277,316,310,361,136,140,273,351,177,221,108,94,81,392,113,283,144,180,206,183,159,20,190,2,0.24,1.1,0.119,0.545,0.276,0.092,100.63,76,203.0,Kevin Porter Jr.,MIL,16.8,11.9,1.3,2,Большой (Big Man),5.4261875,6.27059
1626172,Kevon Looney,Kevon,1610612744,GSW,30.0,79,45,31,0.592,15.0,1.9,3.7,0.528,0.0,0.1,0.395,0.7,1.3,0.556,2.4,3.6,6.3,1.7,0.5,0.6,0.5,0.2,2.0,1.1,4.6,3.5,16.9,2,0,14.4,51,56,158,185,367,383,402,102,495,527,78,329,264,499,35,123,77,280,414,299,163,375,165,284,395,136,284,159,44,323,1,0.118,5.6,0.114,0.532,0.143,0.181,100.61,81,222.0,Kevon Looney,GSW,13.2,5.4,1.1,1,Плеймейкер,7.8342514,3.3459764
1641718,Keyonte George,Keyonte,1610612762,UTA,22.0,63,13,54,0.194,31.5,5.4,13.7,0.395,2.6,7.6,0.334,3.5,4.3,0.806,0.4,3.4,4.2,6.1,3.0,0.8,0.1,1.1,1.7,3.4,18.4,-6.9,29.5,4,0,30.4,147,382,8,527,81,103,71,464,35,28,267,46,47,176,433,148,214,33,36,254,428,24,266,55,80,556,101,116,44,88,1,0.252,-11.9,0.093,0.543,0.272,0.058,101.25,76,185.0,Keyonte George,UTA,26.6,21.4,0.9,2,Большой (Big Man),3.9413118,7.1577816
203114,Khris Middleton,Khris,1610612764,WAS,34.0,31,18,19,0.486,22.8,4.3,9.1,0.473,1.3,3.6,0.355,1.9,2.3,0.856,0.4,3.4,3.6,4.0,1.5,0.9,0.2,0.4,2.0,1.9,11.7,-1.0,24.4,0,0,23.3,361,312,329,302,219,151,154,195,193,200,205,122,139,95,450,153,223,84,135,127,345,260,164,150,148,164,145,281,44,149,2,0.197,1.5,0.114,0.575,0.251,0.076,104.75,79,222.0,Khris Middleton,WAS,18.9,13.7,1.1,2,Большой (Big Man),5.7062774,6.177907
202691,Klay Thompson,Klay,1610612742,DAL,36.0,74,33,39,0.458,27.3,5.0,12.2,0.401,3.0,7.7,0.378,0.9,1.0,0.897,0.6,2.8,3.1,1.8,1.1,0.6,0.4,0.3,1.1,0.7,12.9,-0.6,23.2,0,0,24.6,95,166,68,329,139,117,91,412,19,27,112,273,311,37,333,220,252,207,192,248,209,312,394,387,114,350,162,281,44,134,1,0.219,-2.4,0.083,0.564,0.104,0.06,100.53,77,220.0,Klay Thompson,DAL,17.7,13.8,1.0,2,Большой (Big Man),7.218147,6.522294
1641738,Kobe Brown,Kobe,1610612746,LAC,26.0,47,25,15,0.625,6.8,0.8,1.8,0.467,0.2,0.7,0.24,0.1,0.2,0.725,0.5,1.2,1.6,0.6,0.3,0.2,0.1,0.1,0.6,0.3,1.9,-1.2,5.3,0,0,4.9,342,252,382,127,503,493,505,247,465,468,456,528,528,374,398,450,440,470,497,503,457,499,498,516,506,373,502,281,44,504,1,0.137,-8.7,0.083,0.526,0.137,0.122,98.21,79,250.0,Kobe Brown,LAC,4.1,2.2,0.3,4,Ролевой игрок,11.193016,7.511113
1627739,Kris Dunn,Kris,1610612746,LAC,32.0,71,45,29,0.608,24.1,2.6,5.9,0.429,1.0,3.0,0.342,0.2,0.3,0.69,0.7,2.7,3.4,2.8,1.0,1.7,0.4,0.2,2.7,0.5,6.4,1.7,20.0,0,0,17.8,71,56,188,157,204,296,292,309,253,251,293,502,507,421,283,238,256,136,250,10,236,417,39,455,327,74,215,281,44,246,1,0.138,7.8,0.07,0.538,0.153,0.072,99.24,75,205.0,Kris Dunn,LAC,13.7,7.8,2.1,2,Большой (Big Man),6.969111,3.2827046
1631200,Kris Murray,Kris,1610612757,POR,25.0,61,31,38,0.449,15.1,1.7,4.0,0.433,0.4,1.7,0.219,0.4,0.8,0.457,1.1,1.5,2.8,1.1,0.6,0.5,0.2,0.3,1.0,0.6,4.5,-0.7,10.4,1,0,9.7,129,186,85,347,365,400,384,395,397,361,461,444,371,534,162,402,353,397,375,351,317,314,428,414,417,307,408,198,44,412,1,0.123,-1.8,0.061,0.485,0.09,0.081,102.7,80,216.0,Kris Murray,POR,8.5,5.0,0.7,4,Ролевой игрок,10.886102,7.6952763
204001,Kristaps Porziņģis,Kristaps,1610612738,BOS,30.0,48,30,12,0.714,28.8,6.6,13.7,0.493,2.5,6.0,0.424,3.8,4.7,0.799,1.6,5.1,6.7,2.1,1.3,0.7,1.5,0.5,2.8,5.1,19.2,2.7,36.2,6,0,35.2,330,196,414,68,116,67,72,172,45,64,55,37,36,201,86,53,60,202,181,230,15,150,29,16,51,60,53,93,44,54,1,0.241,5.8,0.132,0.606,0.113,0.11,99.83,86,240.0,Kristaps Porziņģis,BOS,28.9,20.2,2.2,2,Большой (Big Man),3.8384638,4.310271
203937,Kyle Anderson,Kyle,1610612748,MIA,32.0,57,30,31,0.492,16.4,2.3,5.0,0.472,0.4,1.1,0.355,0.8,1.1,0.738,0.9,2.5,3.3,2.4,0.6,0.7,0.5,0.3,1.3,1.0,5.8,2.1,16.5,2,0,14.4,201,196,158,294,341,336,335,215,393,403,218,308,301,337,235,268,258,168,379,271,131,325,350,310,353,267,291,159,44,321,2,0.158,-1.5,0.108,0.534,0.211,0.097,100.06,81,230.0,Kyle Anderson,MIA,12.1,7.0,1.2,1,Плеймейкер,7.749393,3.467304
1642271,Kyle Filipowski,Kyle,1610612762,UTA,22.0,65,13,59,0.181,21.1,3.6,7.2,0.488,1.1,3.1,0.345,1.3,2.0,0.654,1.6,4.6,6.4,2.0,1.5,0.7,0.3,0.6,2.4,1.7,10.1,-4.3,21.3,13,0,20.7,95,382,2,533,253,198,233,120,246,249,244,201,173,457,93,80,75,224,150,259,266,149,78,164,202,517,190,46,44,189,1,0.195,-11.3,0.103,0.607,0.14,0.14,102.46,83,250.0,Kyle Filipowski,UTA,18.0,11.1,1.0,2,Большой (Big Man),6.4313374,5.746219
1628398,Kyle Kuzma,Kyle,1610612749,MIL,30.0,58,25,40,0.385,29.8,5.7,13.0,0.424,1.5,4.8,0.308,2.0,3.1,0.62,0.8,4.9,5.7,2.3,2.2,0.6,0.3,0.6,1.8,2.4,14.8,-7.3,25.5,6,0,26.0,162,252,59,400,107,86,81,326,168,123,370,116,89,466,252,64,95,172,60,329,279,127,213,103,96,542,134,93,44,119,2,0.234,-10.3,0.08,0.503,0.123,0.091,102.96,81,221.0,Kyle Kuzma,MIL,21.5,16.0,0.9,2,Большой (Big Man),5.5102053,7.4128084
200768,Kyle Lowry,Kyle,1610612755,PHI,40.0,38,14,21,0.4,18.8,1.2,3.3,0.36,0.8,2.5,0.32,0.8,0.9,0.813,0.3,1.6,1.7,2.4,0.5,0.8,0.3,0.2,1.8,1.1,3.5,-2.4,13.5,0,0,11.9,381,364,297,389,296,462,423,508,297,292,311,313,340,169,465,389,416,142,380,129,262,396,226,292,432,414,348,281,44,368,1,0.091,-5.8,0.067,0.528,0.206,0.05,99.28,72,196.0,Kyle Lowry,PHI,8.2,4.7,1.1,4,Ролевой игрок,10.605433,7.5085945
202681,Kyrie Irving,Kyrie,1610612742,DAL,34.0,55,28,22,0.56,36.1,8.9,18.9,0.467,2.9,7.2,0.4,3.9,4.3,0.917,1.2,3.6,4.7,4.5,2.2,1.3,0.5,0.8,2.0,3.3,24.3,2.7,40.5,0,0,40.5,283,220,288,221,13,16,13,201,26,32,76,32,45,32,144,126,141,61,61,41,177,61,167,60,16,108,31,281,44,25,1,0.275,2.6,0.129,0.582,0.198,0.064,99.98,74,195.0,Kyrie Irving,DAL,33.1,26.6,1.8,3,3-and-D игрок,1.910687,6.9034243
1642273,Kyshawn George,Kyshawn,1610612764,WAS,22.0,72,15,53,0.221,26.5,3.0,8.0,0.371,1.7,5.2,0.317,1.0,1.4,0.754,0.7,3.5,4.5,2.7,1.5,1.1,0.8,0.5,3.0,1.4,9.3,-3.1,21.2,1,0,20.5,138,349,14,511,158,259,189,491,144,101,337,253,255,308,282,139,180,160,148,101,81,158,15,231,243,524,194,198,44,191,1,0.151,-10.1,0.058,0.514,0.133,0.074,102.7,80,200.0,Kyshawn George,WAS,16.9,10.6,1.9,2,Большой (Big Man),6.858649,7.5645657
1630163,LaMelo Ball,LaMelo,1610612766,CHA,24.0,43,16,31,0.34,32.0,8.6,21.3,0.405,3.8,11.2,0.334,4.1,4.9,0.843,1.0,3.9,5.0,7.6,3.7,1.1,0.3,0.9,3.3,4.7,25.8,-1.0,42.9,13,0,44.1,298,340,158,434,68,21,2,433,5,1,282,29,34,118,183,107,132,9,8,67,288,37,3,20,13,448,20,46,44,14,1,0.355,-3.9,0.127,0.523,0.39,0.072,101.33,79,180.0,LaMelo Ball,CHA,36.1,29.6,1.4,3,3-and-D игрок,2.4649107,6.3691106
1629013,Landry Shamet,Landry,1610612752,NYK,29.0,48,30,20,0.6,15.2,2.1,4.6,0.47,1.2,3.1,0.392,0.2,0.4,0.678,0.2,1.0,1.2,0.5,0.4,0.5,0.0,0.2,1.0,0.7,5.6,3.5,9.1,0,0,9.7,283,196,318,168,361,355,359,238,201,240,92,493,488,438,508,460,488,483,442,375,513,361,408,383,358,131,438,281,44,411,1,0.136,5.1,0.062,0.591,0.049,0.039,99.55,76,190.0,Landry Shamet,NYK,7.4,5.8,0.5,1,Плеймейкер,10.039816,4.4574957
1626204,Larry Nance Jr.,Larry,1610612737,ATL,33.0,20,10,14,0.417,19.3,3.3,6.5,0.51,1.4,3.2,0.436,0.4,0.5,0.706,1.0,3.3,4.2,1.6,0.7,0.8,0.5,0.3,1.5,1.0,8.3,-2.2,19.4,3,0,18.5,432,419,392,375,286,217,268,99,178,234,16,445,442,402,203,157,170,276,357,182,130,348,303,294,250,494,232,134,44,237,1,0.151,-9.0,0.106,0.617,0.125,0.108,104.76,80,245.0,Larry Nance Jr.,ATL,14.7,9.1,1.3,1,Плеймейкер,7.682886,5.117455
1628374,Lauri Markkanen,Lauri,1610612762,UTA,29.0,41,9,38,0.191,31.4,6.3,14.9,0.418,2.9,8.5,0.355,3.4,3.9,0.873,1.5,4.4,5.7,1.5,1.4,0.7,0.4,0.8,1.7,3.4,18.4,-1.1,30.1,5,0,31.4,298,434,85,529,83,75,56,379,24,15,256,49,64,75,97,86,85,290,151,243,239,56,251,56,57,493,95,106,44,81,1,0.224,-6.1,0.103,0.572,0.074,0.09,101.64,84,240.0,Lauri Markkanen,UTA,25.3,19.2,1.1,2,Большой (Big Man),5.0080104,6.236718
2544,LeBron James,LeBron,1610612747,LAL,41.0,75,44,26,0.629,34.9,9.3,18.1,0.502,2.1,5.7,0.385,3.7,4.7,0.79,1.0,6.8,7.3,7.7,3.5,0.9,0.6,0.7,1.4,3.8,23.0,-2.3,47.1,32,10,45.7,118,62,237,125,27,7,21,104,75,85,146,41,37,244,177,23,39,6,5,101,126,83,332,41,20,312,9,17,3,9,1,0.288,-1.3,0.169,0.603,0.395,0.112,100.62,81,250.0,LeBron James,LAL,36.0,26.8,1.5,3,3-and-D игрок,2.7090232,6.2588916
1630322,Lindy Waters III,Lindy,1610612765,DET,28.0,47,27,25,0.519,15.0,1.8,4.8,0.364,1.2,3.6,0.342,0.2,0.2,0.727,0.4,1.7,2.1,1.0,0.4,0.5,0.2,0.2,1.2,0.3,5.0,0.3,10.8,0,0,10.7,267,232,256,257,369,393,346,493,202,202,262,516,524,349,435,376,399,384,462,347,354,409,381,500,384,216,399,281,44,392,2,0.134,1.4,0.061,0.508,0.092,0.067,99.37,78,210.0,Lindy Waters III,DET,8.4,5.5,0.7,4,Ролевой игрок,10.71431,7.223654
1629022,Lonnie Walker IV,Lonnie,1610612755,PHI,27.0,21,3,17,0.15,23.8,4.5,10.6,0.421,2.3,6.4,0.352,1.2,1.5,0.799,0.3,2.9,3.3,2.5,1.3,0.5,0.3,0.4,1.4,1.0,12.6,-5.5,20.9,1,0,21.8,448,508,360,540,206,145,117,393,61,48,229,213,232,213,473,213,288,159,183,355,309,223,346,300,135,549,202,198,44,170,1,0.207,-14.1,0.091,0.557,0.167,0.063,101.6,76,204.0,Lonnie Walker IV,PHI,17.9,13.8,0.8,2,Большой (Big Man),5.9139147,7.018904
1628366,Lonzo Ball,Lonzo,1610612741,CHI,28.0,37,16,19,0.457,22.2,2.5,6.9,0.357,1.9,5.6,0.355,0.6,0.8,0.813,0.7,2.7,3.4,3.3,1.2,1.3,0.5,0.1,1.6,0.5,7.5,3.6,20.9,0,0,19.9,381,340,329,332,229,304,246,495,97,90,265,360,386,180,284,242,259,115,206,36,166,466,288,440,272,91,200,281,44,204,1,0.142,5.5,0.078,0.521,0.187,0.068,105.6,78,190.0,Lonzo Ball,CHI,14.8,9.2,1.8,2,Большой (Big Man),6.9209933,3.1902645
1629652,Luguentz Dort,Luguentz,1610612760,OKC,27.0,70,57,14,0.803,29.2,3.6,8.4,0.437,2.4,5.8,0.425,0.5,0.6,0.731,1.3,2.9,4.3,1.7,0.7,1.1,0.5,0.3,2.9,1.5,10.5,7.9,21.8,0,0,21.6,108,10,392,31,112,195,176,331,48,76,56,419,414,371,133,211,184,270,337,73,129,285,18,198,187,5,184,281,44,175,1,0.141,13.1,0.063,0.596,0.067,0.067,101.75,76,220.0,Luguentz Dort,OKC,17.4,11.4,1.6,1,Плеймейкер,7.211042,2.9078958
1629029,Luka Dončić,Luka,1610612747,LAL,27.0,50,31,19,0.62,35.4,9.2,20.5,0.451,3.5,9.6,0.358,6.2,7.9,0.79,0.8,7.4,8.2,7.7,3.6,1.8,0.4,0.6,2.5,5.9,28.4,4.4,52.5,21,5,51.9,283,186,329,138,19,8,5,276,6,6,181,7,6,245,262,14,29,7,7,7,207,127,55,5,4,13,5,28,8,3,2,0.318,9.1,0.17,0.601,0.342,0.112,100.22,78,230.0,Luka Dončić,LAL,42.9,32.2,2.2,3,3-and-D игрок,1.990938,6.0341396
1630568,Luka Garza,Luka,1610612750,MIN,27.0,39,28,11,0.718,5.6,1.3,2.7,0.501,0.3,0.9,0.271,0.6,0.9,0.697,0.8,0.6,1.4,0.3,0.3,0.2,0.1,0.2,0.7,0.7,3.6,-2.2,6.0,0,0,5.9,353,220,425,67,517,443,468,145,431,442,412,363,352,414,266,527,469,531,492,508,483,392,470,385,451,234,490,281,44,483,1,0.244,0.4,0.101,0.58,0.082,0.121,105.17,82,243.0,Luka Garza,MIN,5.3,3.8,0.3,1,Плеймейкер,9.382529,6.107448
1628379,Luke Kennard,Luke,1610612763,MEM,30.0,66,37,28,0.569,22.6,3.2,6.6,0.476,1.7,4.0,0.445,0.8,0.9,0.899,0.6,2.2,2.8,3.3,1.1,0.8,0.1,0.2,0.9,0.7,8.8,0.9,18.6,0,0,18.4,162,124,209,215,223,239,260,181,125,172,32,309,358,45,347,308,328,114,223,214,483,425,442,392,232,126,253,281,44,238,1,0.147,3.1,0.093,0.629,0.179,0.059,104.99,77,206.0,Luke Kennard,MEM,14.7,10.5,0.9,1,Плеймейкер,7.7244973,4.9320173
1628436,Luke Kornet,Luke,1610612738,BOS,30.0,76,53,20,0.726,18.6,2.6,3.8,0.677,0.0,0.0,0.014,0.9,1.3,0.7,2.6,2.7,5.5,1.7,0.4,0.5,1.0,0.3,1.6,1.4,6.3,5.0,18.8,3,0,15.9,86,17,318,65,307,301,391,16,499,535,499,277,261,406,31,234,111,272,450,363,49,316,269,215,341,28,246,134,44,287,1,0.124,14.9,0.114,0.684,0.115,0.136,95.87,85,250.0,Luke Kornet,BOS,14.6,7.2,1.5,0,Звезда лиги,4.1130266,2.3027463
1631103,Malaki Branham,Malaki,1610612759,SAS,23.0,46,18,29,0.383,9.1,1.9,4.0,0.456,0.7,1.8,0.403,0.6,0.7,0.804,0.1,0.9,1.2,0.9,0.8,0.2,0.0,0.3,0.6,0.5,5.4,-2.0,7.6,0,0,8.2,298,312,188,404,466,385,385,252,319,359,73,383,403,169,533,480,501,433,334,485,511,326,492,453,380,305,467,281,44,449,1,0.231,-3.7,0.087,0.564,0.139,0.057,103.25,76,180.0,Malaki Branham,SAS,6.9,5.9,0.2,1,Плеймейкер,9.03838,6.1891975
1627763,Malcolm Brogdon,Malcolm,1610612764,WAS,33.0,29,6,18,0.25,23.5,4.3,10.0,0.423,0.7,2.3,0.295,3.4,3.8,0.892,0.9,2.9,3.8,4.1,1.6,0.5,0.2,0.8,1.3,2.8,12.6,-3.5,24.1,2,0,22.8,432,473,345,489,213,150,127,334,333,312,396,54,69,67,232,205,210,83,127,337,359,63,366,78,128,516,152,159,44,153,1,0.233,-10.4,0.113,0.553,0.267,0.077,103.18,76,229.0,Malcolm Brogdon,WAS,19.6,14.6,0.7,2,Большой (Big Man),5.801248,7.0800304
1627736,Malik Beasley,Malik,1610612765,DET,29.0,82,44,38,0.537,27.8,5.6,13.1,0.419,3.9,9.3,0.42,1.2,1.7,0.665,0.6,2.0,2.7,1.8,1.0,0.9,0.1,0.4,1.5,1.3,16.9,2.7,23.8,1,0,26.4,1,62,85,240,130,90,80,345,3,7,48,219,208,428,344,337,354,258,249,157,502,259,312,240,83,116,157,198,44,116,1,0.221,3.1,0.091,0.605,0.089,0.045,102.76,76,187.0,Malik Beasley,DET,21.4,17.8,1.0,2,Большой (Big Man),6.0310073,3.765855
1628370,Malik Monk,Malik,1610612758,SAC,28.0,61,36,29,0.554,31.6,6.3,14.4,0.444,2.1,6.6,0.316,2.4,2.7,0.858,0.5,3.3,3.9,5.8,2.5,0.9,0.6,0.8,2.4,2.3,17.8,3.3,32.2,4,0,31.7,162,136,188,226,77,73,58,313,74,42,327,96,111,86,404,160,215,35,53,133,121,55,66,117,75,129,82,116,44,78,1,0.24,2.5,0.099,0.548,0.246,0.059,101.33,75,200.0,Malik Monk,SAC,26.5,20.7,1.5,3,3-and-D игрок,2.3248942,6.8247514
1630699,MarJon Beauchamp,MarJon,1610612752,NYK,25.0,29,19,16,0.543,4.5,0.8,1.9,0.402,0.3,0.8,0.341,0.4,0.6,0.76,0.3,0.9,1.4,0.3,0.4,0.1,0.0,0.1,0.4,0.3,2.5,1.2,4.2,0,0,4.4,381,302,369,236,536,500,501,405,424,453,258,430,435,310,465,477,486,525,447,524,516,445,522,489,493,215,519,281,44,515,3,0.223,2.9,0.123,0.53,0.124,0.129,106.73,79,199.0,MarJon Beauchamp,NYK,3.9,2.6,0.1,4,Ролевой игрок,10.771431,6.2955914
1631204,Marcus Sasser,Marcus,1610612765,DET,25.0,50,30,27,0.526,14.2,2.4,5.2,0.476,1.0,2.7,0.387,0.8,0.9,0.839,0.3,0.9,1.3,2.5,1.0,0.6,0.1,0.3,1.3,0.9,7.1,-1.6,12.7,1,0,12.6,232,196,222,251,381,326,317,231,252,282,132,320,354,117,463,485,490,173,266,278,493,323,363,334,315,182,366,198,44,354,1,0.183,2.9,0.095,0.582,0.239,0.04,102.0,74,195.0,Marcus Sasser,DET,10.6,8.4,0.7,1,Плеймейкер,8.4343605,6.218124
203935,Marcus Smart,Marcus,1610612764,WAS,32.0,38,17,17,0.5,20.0,3.0,7.6,0.407,1.4,4.1,0.339,1.6,2.1,0.758,0.5,1.6,2.0,3.1,1.5,1.1,0.3,0.3,1.6,2.0,8.6,0.5,19.0,0,0,18.6,387,323,360,266,270,260,215,456,174,164,253,160,158,294,371,392,398,119,125,68,302,334,295,132,227,155,238,281,44,235,2,0.183,2.6,0.086,0.541,0.221,0.047,107.13,75,220.0,Marcus Smart,WAS,13.6,10.2,1.4,2,Большой (Big Man),6.756377,6.669987
1631109,Mark Williams,Mark,1610612766,CHA,24.0,50,9,35,0.205,26.6,6.1,10.2,0.618,0.0,0.1,0.0,3.0,3.7,0.803,3.0,7.2,10.8,2.6,1.7,0.7,1.3,0.6,2.4,2.9,16.2,-5.9,35.4,21,0,31.8,322,434,116,519,157,80,124,38,499,523,499,71,71,209,17,17,13,161,120,232,28,142,75,75,93,547,61,28,44,77,1,0.202,-12.7,0.156,0.637,0.154,0.178,100.77,84,240.0,Mark Williams,CHA,29.9,17.5,2.0,0,Звезда лиги,3.4679205,2.594719
1628365,Markelle Fultz,Markelle,1610612758,SAC,28.0,22,9,12,0.429,8.8,1.3,3.2,0.418,0.2,0.4,0.504,0.0,0.0,1.0,0.3,0.7,1.0,1.3,0.7,0.5,0.1,0.1,0.6,0.1,2.9,0.6,7.0,0,0,6.5,445,434,414,365,470,443,439,401,455,492,7,542,547,1,480,518,518,330,339,369,468,488,499,540,473,219,474,281,44,477,1,0.185,3.6,0.065,0.437,0.208,0.058,99.36,76,209.0,Markelle Fultz,SAC,5.1,3.6,0.6,4,Ролевой игрок,10.721158,6.9094305
1628963,Marvin Bagley III,Marvin,1610612763,MEM,27.0,25,7,24,0.226,8.6,1.8,3.4,0.509,0.1,0.6,0.171,0.7,1.1,0.651,1.2,1.5,2.7,0.4,0.4,0.3,0.3,0.1,0.6,0.8,4.4,-1.1,9.4,1,0,8.6,402,460,271,508,474,392,417,95,479,475,487,326,289,453,140,404,341,518,460,459,305,457,495,343,401,262,429,198,44,436,2,0.198,-0.6,0.123,0.556,0.063,0.143,103.88,82,235.0,Marvin Bagley III,MEM,7.7,4.6,0.6,1,Плеймейкер,9.852634,5.8706484
203486,Mason Plumlee,Mason,1610612756,PHX,36.0,79,33,41,0.446,17.6,1.7,2.7,0.608,0.0,0.1,0.013,1.1,1.7,0.651,1.6,4.6,5.5,1.6,0.7,0.4,0.5,0.4,2.1,1.5,4.0,-1.5,17.0,2,0,14.6,71,166,54,352,321,401,466,33,499,529,499,233,203,458,92,79,73,238,313,386,109,260,154,203,396,180,281,159,44,317,1,0.107,0.2,0.098,0.637,0.133,0.176,100.08,82,254.0,Mason Plumlee,PHX,11.3,4.8,0.9,0,Звезда лиги,4.03309,1.7081841
1641824,Matas Buzelis,Matas,1610612741,CHI,21.0,82,39,41,0.488,18.9,3.2,6.9,0.46,1.2,3.3,0.349,1.1,1.4,0.829,0.7,2.8,3.8,1.1,1.0,0.4,1.0,0.4,1.6,1.0,9.4,-1.8,17.2,1,0,16.9,16,100,54,299,294,242,247,266,209,221,205,240,258,180,298,225,246,396,273,424,56,252,279,300,248,276,276,198,44,269,1,0.176,-1.7,0.079,0.57,0.072,0.085,105.38,82,209.0,Matas Buzelis,CHI,14.7,10.0,1.4,1,Плеймейкер,6.966858,5.33883
1631108,Max Christie,Max,1610612742,DAL,23.0,74,40,38,0.513,27.3,3.2,7.6,0.419,1.5,4.0,0.354,1.7,1.9,0.843,0.5,2.8,3.6,2.0,1.2,0.9,0.4,0.5,1.5,1.4,10.3,0.8,18.9,0,0,18.7,35,89,85,260,140,230,214,364,170,171,185,142,176,100,392,216,271,231,216,191,220,172,322,211,201,344,241,281,44,229,2,0.151,-1.7,0.069,0.566,0.093,0.061,100.27,77,190.0,Max Christie,DAL,16.0,11.3,1.3,1,Плеймейкер,7.1261854,3.7773378
1629622,Max Strus,Max,1610612739,CLE,30.0,44,39,11,0.78,25.5,3.3,7.5,0.441,2.3,5.9,0.38,0.6,0.7,0.825,1.1,3.3,4.3,3.2,1.1,0.5,0.2,0.2,2.1,1.1,9.4,1.5,20.6,0,0,20.7,283,100,425,45,173,221,223,304,60,72,122,388,404,156,172,162,165,121,227,345,323,379,156,276,209,52,208,281,44,187,1,0.153,7.9,0.083,0.594,0.157,0.081,101.34,77,215.0,Max Strus,CLE,16.5,11.0,0.7,1,Плеймейкер,7.2717643,3.9580216
1628467,Maxi Kleber,Maxi,1610612747,LAL,34.0,33,18,16,0.529,18.7,1.1,2.8,0.389,0.4,1.4,0.272,0.5,0.6,0.753,0.7,2.1,2.7,1.3,0.7,0.3,0.5,0.2,1.9,0.9,2.9,1.6,9.9,0,0,9.0,387,312,369,249,303,468,460,471,400,381,429,415,425,288,279,334,332,334,354,468,149,390,184,337,466,283,421,281,44,425,1,0.08,-0.4,0.035,0.493,0.087,0.073,101.75,82,240.0,Maxi Kleber,LAL,7.0,3.6,0.8,4,Ролевой игрок,10.840058,7.6309175
1641721,Maxwell Lewis,Maxwell,1610612751,BKN,23.0,21,9,19,0.321,11.7,1.6,3.9,0.408,0.7,1.8,0.389,0.3,0.4,0.692,0.6,1.3,2.2,0.8,0.5,0.3,0.3,0.4,1.0,0.3,4.4,-3.9,8.7,0,0,8.6,416,434,329,444,429,415,390,403,331,360,136,488,492,393,323,425,414,450,415,443,309,256,409,512,419,438,448,281,44,437,2,0.176,-9.6,0.066,0.519,0.091,0.082,99.39,79,215.0,Maxwell Lewis,BKN,7.5,4.8,0.6,4,Ролевой игрок,9.718967,6.5925627
1630695,Micah Potter,Micah,1610612762,UTA,28.0,30,10,28,0.263,18.6,1.5,3.6,0.436,0.8,2.6,0.31,0.4,0.5,0.845,1.1,3.2,4.3,0.8,0.8,0.4,0.4,0.1,1.3,0.7,4.3,-1.1,12.1,0,0,11.7,357,419,209,483,310,425,410,382,301,290,347,422,445,106,157,171,168,430,307,422,233,454,353,395,408,445,376,281,44,372,1,0.09,-7.6,0.063,0.557,0.058,0.107,101.29,81,248.0,Micah Potter,UTA,9.4,4.7,0.8,1,Плеймейкер,10.071241,5.8347044
1629008,Michael Porter Jr.,Michael,1610612743,DEN,28.0,82,47,30,0.61,33.7,6.9,13.6,0.49,2.5,6.4,0.393,1.9,2.5,0.76,1.8,5.2,7.1,2.1,1.4,0.6,0.5,0.6,2.0,1.8,18.5,3.7,31.9,15,0,32.1,43,36,176,155,41,60,73,119,40,47,103,124,120,278,73,49,54,195,166,277,158,119,163,158,67,76,84,37,44,73,1,0.194,4.4,0.101,0.605,0.084,0.103,101.52,82,218.0,Michael Porter Jr.,DEN,27.4,19.6,1.1,2,Большой (Big Man),4.9494824,4.1585107
1628969,Mikal Bridges,Mikal,1610612752,NYK,29.0,82,51,31,0.622,37.0,7.2,14.4,0.49,2.0,5.6,0.346,1.2,1.4,0.817,0.9,2.3,3.2,3.6,1.6,0.9,0.5,0.3,1.5,1.6,17.3,3.3,29.7,1,0,29.4,1,22,158,135,4,52,59,124,86,86,230,217,244,185,237,302,286,94,121,146,141,308,299,188,71,63,97,198,44,94,1,0.184,5.6,0.09,0.583,0.141,0.043,98.1,78,209.0,Mikal Bridges,NYK,23.9,19.1,1.4,2,Большой (Big Man),5.1875005,4.0567193
201144,Mike Conley,Mike,1610612750,MIN,38.0,75,44,27,0.62,24.7,2.6,6.6,0.398,1.8,4.4,0.416,1.1,1.3,0.904,0.5,2.1,2.5,4.3,1.0,1.0,0.2,0.3,1.6,1.4,7.8,5.4,20.9,1,0,19.7,108,62,222,140,186,293,262,449,118,149,59,223,268,42,409,329,356,65,234,73,369,346,291,218,260,72,201,198,44,208,1,0.142,6.5,0.092,0.584,0.243,0.052,97.92,72,175.0,Mike Conley,MIN,14.8,10.0,1.2,1,Плеймейкер,7.1109934,2.9255552
1628970,Miles Bridges,Miles,1610612766,CHA,28.0,66,16,48,0.25,31.7,7.3,17.0,0.421,2.2,7.0,0.31,3.5,4.0,0.869,1.1,6.4,7.7,4.0,2.1,0.7,0.7,1.1,1.5,2.8,20.7,-4.0,37.2,14,1,36.7,170,340,23,489,75,50,32,343,64,37,354,48,60,83,158,27,44,88,65,252,86,15,326,81,48,498,48,40,20,48,1,0.259,-5.5,0.135,0.544,0.203,0.11,100.58,79,225.0,Miles Bridges,CHA,31.7,22.7,1.4,3,3-and-D игрок,3.6587949,6.60367
1630540,Miles McBride,Miles,1610612752,NYK,25.0,70,39,25,0.609,24.9,3.5,8.5,0.416,1.8,4.9,0.379,0.8,1.0,0.806,0.7,1.8,2.7,3.1,0.6,1.1,0.3,0.5,1.7,1.1,10.2,0.6,20.2,0,0,19.4,170,100,256,156,184,205,170,430,115,120,176,294,314,186,280,367,362,130,366,91,301,168,248,287,203,78,212,281,44,214,1,0.156,7.1,0.077,0.526,0.155,0.049,99.2,73,195.0,Miles McBride,NYK,16.8,11.8,1.4,2,Большой (Big Man),6.847851,6.5688796
1628964,Mo Bamba,Mo,1610612740,NOP,28.0,37,19,13,0.594,12.9,1.6,3.5,0.477,0.5,1.7,0.279,0.6,0.8,0.701,1.0,3.5,4.7,0.6,0.6,0.3,1.0,0.2,1.8,0.6,4.5,-3.5,13.7,0,0,12.4,397,302,403,182,402,410,413,228,379,366,412,372,366,390,183,136,155,480,372,465,51,410,230,417,406,430,343,281,44,361,2,0.151,-9.0,0.1,0.544,0.068,0.175,98.15,84,231.0,Mo Bamba,NOP,10.5,4.8,1.3,1,Плеймейкер,9.673264,5.723103
1628420,Monte Morris,Monte,1610612756,PHX,31.0,51,21,24,0.467,12.7,1.8,4.3,0.438,0.7,1.9,0.355,0.8,0.9,0.846,0.3,1.2,1.6,1.7,0.5,0.4,0.1,0.3,0.5,0.6,5.4,2.0,10.5,0,0,10.0,318,280,271,319,404,386,373,369,327,346,208,302,342,95,485,438,458,268,431,388,495,296,508,406,374,165,407,281,44,406,1,0.185,2.8,0.096,0.544,0.188,0.056,99.99,74,183.0,Monte Morris,PHX,8.7,6.2,0.5,1,Плеймейкер,10.735002,5.7041917
1629021,Moritz Wagner,Moritz,1610612753,ORL,29.0,27,18,12,0.6,18.8,4.7,8.3,0.559,0.9,2.5,0.37,2.6,3.7,0.713,1.3,3.6,4.8,1.4,1.6,0.8,0.4,0.5,1.8,3.2,12.8,-2.3,22.9,1,0,22.5,409,312,414,168,300,138,179,61,285,293,210,78,73,369,118,126,133,309,117,199,217,197,212,62,126,291,168,198,44,156,1,0.251,-0.9,0.165,0.647,0.135,0.131,99.97,83,245.0,Moritz Wagner,ORL,18.6,13.5,1.2,2,Большой (Big Man),6.57289,5.632112
1630541,Moses Moody,Moses,1610612744,GSW,24.0,76,45,29,0.608,22.3,3.3,7.7,0.436,1.7,4.6,0.373,1.4,1.8,0.8,0.7,1.9,2.8,1.4,0.8,0.9,0.4,0.5,1.6,1.4,10.6,0.6,17.7,0,0,17.8,71,56,188,157,227,219,208,336,138,139,158,176,189,226,290,359,357,328,330,203,208,184,290,219,199,130,268,281,44,250,1,0.158,4.3,0.076,0.589,0.084,0.056,100.74,77,211.0,Moses Moody,GSW,15.3,11.3,1.3,1,Плеймейкер,7.296964,3.8584466
1631243,Mouhamed Gueye,Mouhamed,1610612737,ATL,23.0,32,15,18,0.455,16.1,2.2,5.2,0.416,0.6,2.5,0.252,1.0,1.3,0.755,1.3,2.9,4.4,0.8,0.5,0.8,1.1,0.3,1.7,0.9,6.3,3.4,17.3,2,0,15.3,390,349,345,339,348,349,318,388,341,303,430,264,267,288,118,210,178,429,436,176,42,270,258,324,346,100,271,159,44,299,1,0.165,8.8,0.085,0.508,0.064,0.127,103.84,82,210.0,Mouhamed Gueye,ATL,12.9,6.7,1.9,1,Плеймейкер,7.709936,3.43748
1631217,Moussa Diabaté,Moussa,1610612766,CHA,24.0,78,15,56,0.211,17.5,2.4,3.9,0.606,0.0,0.1,0.001,1.0,1.6,0.599,2.6,3.5,6.4,0.8,0.9,0.6,0.6,0.3,1.5,1.6,5.9,-1.4,17.0,7,0,15.1,108,349,7,517,325,332,388,42,499,525,499,263,215,489,29,134,71,437,294,280,124,269,306,182,360,396,282,87,44,305,1,0.133,-3.4,0.115,0.595,0.069,0.169,97.32,81,210.0,Moussa Diabaté,CHA,13.4,6.3,1.2,0,Звезда лиги,3.8673775,1.7477179
1626167,Myles Turner,Myles,1610612754,IND,30.0,75,44,28,0.611,30.2,5.4,11.3,0.482,2.2,5.5,0.408,2.6,3.3,0.781,1.3,5.3,6.5,1.5,1.7,0.8,2.0,0.5,2.5,2.8,15.7,0.8,32.3,13,0,31.3,95,62,209,153,97,101,107,176,69,92,99,83,83,267,134,46,64,282,110,219,5,169,49,78,89,95,81,46,44,82,1,0.197,4.7,0.103,0.61,0.072,0.109,100.19,83,250.0,Myles Turner,IND,24.8,16.4,2.8,0,Звезда лиги,3.8759491,3.9215877
1630230,Naji Marshall,Naji,1610612742,DAL,28.0,64,32,37,0.464,27.8,5.2,10.3,0.506,0.9,3.2,0.272,1.9,2.3,0.826,1.1,3.7,4.8,3.0,1.6,1.0,0.2,0.5,1.6,1.7,13.3,0.6,25.4,6,0,24.2,129,179,96,325,131,109,122,109,292,235,416,129,134,186,162,122,143,128,119,98,405,156,285,170,121,408,136,93,44,139,1,0.201,-3.2,0.105,0.572,0.161,0.084,101.27,78,220.0,Naji Marshall,DAL,20.7,14.8,1.2,2,Большой (Big Man),5.0301113,5.081147
1631466,Nate Williams,Nate,1610612745,HOU,27.0,20,14,6,0.7,7.3,1.4,3.1,0.421,0.3,1.3,0.229,0.3,0.4,0.626,0.3,0.4,0.7,0.5,0.7,0.4,0.2,0.0,0.8,0.4,3.4,0.7,5.8,0,0,5.9,448,364,481,72,495,438,443,329,416,393,456,488,476,469,491,550,542,499,348,407,364,522,461,487,460,365,495,281,44,487,1,0.207,-6.2,0.038,0.488,0.079,0.043,108.85,77,205.0,Nate Williams,HOU,4.5,3.6,0.6,4,Ролевой игрок,10.72601,7.5193677
1629675,Naz Reid,Naz,1610612750,MIN,26.0,82,47,33,0.588,27.5,5.3,11.5,0.457,2.2,5.8,0.374,1.4,1.8,0.778,1.2,4.9,6.3,2.4,1.5,0.7,0.9,0.5,2.4,1.5,14.8,3.1,28.3,10,0,27.9,16,36,130,191,136,104,104,233,65,79,139,186,191,259,153,65,81,180,167,234,61,171,81,202,107,59,109,62,44,105,1,0.21,7.4,0.11,0.565,0.123,0.106,99.34,81,264.0,Naz Reid,MIN,23.6,16.0,1.6,2,Большой (Big Man),4.8400598,4.4631176
1629674,Neemias Queta,Neemias,1610612738,BOS,26.0,54,46,16,0.742,13.9,2.1,3.3,0.644,0.0,0.0,0.0,0.7,1.0,0.747,1.4,2.4,3.8,0.7,0.6,0.3,0.7,0.2,1.7,0.9,5.0,0.7,12.9,0,0,11.5,192,45,369,57,386,354,431,22,499,533,499,326,326,303,107,287,208,447,364,459,94,386,243,320,380,105,361,281,44,378,1,0.138,9.1,0.102,0.659,0.076,0.137,95.52,84,248.0,Neemias Queta,BOS,9.9,5.4,1.0,0,Звезда лиги,4.205121,1.8656344
1629651,Nic Claxton,Nic,1610612751,BKN,27.0,64,20,50,0.286,26.9,4.6,8.1,0.574,0.1,0.3,0.245,1.1,2.2,0.522,2.2,5.1,7.5,2.2,1.2,0.9,1.4,0.4,2.1,2.6,10.5,-3.4,28.2,13,0,24.6,118,296,18,464,150,140,184,60,483,504,452,228,144,505,45,54,48,185,185,161,17,207,137,98,177,549,110,46,44,133,1,0.154,-12.6,0.115,0.583,0.14,0.137,97.38,83,215.0,Nic Claxton,BKN,21.3,11.6,2.3,0,Звезда лиги,3.8468027,2.78049
1630208,Nick Richards,Nick,1610612756,PHX,28.0,57,17,40,0.298,22.0,3.6,6.1,0.58,0.0,0.0,0.002,2.1,2.8,0.75,2.6,5.6,8.2,0.9,1.4,0.2,1.0,0.9,2.5,2.1,9.3,-5.2,22.6,16,0,20.7,232,323,59,459,231,200,286,44,499,536,499,106,106,331,32,39,30,422,149,478,52,44,61,131,213,501,176,35,44,186,2,0.179,-8.7,0.107,0.631,0.058,0.181,98.62,84,245.0,Nick Richards,PHX,18.2,9.8,1.2,0,Звезда лиги,3.789111,2.0262234
1641733,Nick Smith Jr.,Nick,1610612766,CHA,22.0,53,14,46,0.233,22.8,3.7,9.5,0.392,1.7,5.1,0.337,0.7,0.8,0.933,0.2,1.9,2.3,2.7,1.5,0.3,0.1,0.4,1.3,0.7,10.9,-6.1,15.8,1,0,16.9,206,364,32,505,217,187,144,462,130,106,279,338,388,25,509,354,397,163,162,464,457,235,352,399,197,543,305,198,44,268,1,0.208,-14.3,0.064,0.509,0.169,0.043,99.74,74,185.0,Nick Smith Jr.,CHA,14.8,12.2,0.4,4,Ролевой игрок,7.6816206,8.148502
1629638,Nickeil Alexander-Walker,Nickeil,1610612750,MIN,27.0,82,49,33,0.598,25.3,3.3,7.5,0.43,1.7,4.5,0.379,1.1,1.4,0.768,0.7,2.6,3.3,2.8,1.2,0.6,0.4,0.3,1.7,1.7,9.7,3.3,19.3,1,0,19.1,1,25,130,173,176,226,220,316,134,142,133,232,244,250,318,249,278,143,197,294,212,308,246,175,208,79,234,198,44,217,1,0.15,6.6,0.081,0.589,0.149,0.062,99.57,77,205.0,Nickeil Alexander-Walker,MIN,15.6,11.1,1.0,1,Плеймейкер,7.0602913,3.6259184
201587,Nicolas Batum,Nicolas,1610612746,LAC,37.0,71,47,31,0.603,17.5,1.3,3.1,0.45,1.1,2.6,0.437,0.2,0.3,0.821,0.6,2.2,2.5,1.0,0.4,0.6,0.4,0.1,1.4,0.3,3.5,1.6,11.9,0,0,11.3,35,36,158,165,323,443,446,323,227,287,27,500,515,199,334,321,331,368,445,259,175,506,330,518,428,123,378,281,44,381,1,0.089,5.9,0.069,0.623,0.082,0.077,100.22,80,230.0,Nicolas Batum,LAC,7.6,4.0,1.0,1,Плеймейкер,10.091641,4.40113
203999,Nikola Jokić,Nikola,1610612743,DEN,31.0,62,46,24,0.657,36.7,11.2,19.5,0.579,2.0,4.7,0.428,5.2,6.4,0.799,2.9,9.9,12.1,9.8,3.2,1.7,0.6,0.9,2.3,5.9,28.3,8.3,64.3,59,34,59.4,118,45,271,93,5,3,10,52,90,127,46,17,13,212,24,2,3,2,10,6,104,43,100,6,3,3,1,2,1,1,1,0.286,10.5,0.206,0.677,0.398,0.173,101.99,83,284.0,Nikola Jokić,DEN,49.3,33.2,2.3,3,3-and-D игрок,2.0308986,5.9169655
1631107,Nikola Jović,Nikola,1610612748,MIA,23.0,44,21,25,0.457,25.1,3.7,8.2,0.453,1.7,4.6,0.382,1.6,1.9,0.837,0.6,3.3,4.1,3.0,1.4,0.8,0.3,0.3,1.8,1.7,11.3,-1.7,21.7,0,0,21.4,307,280,256,333,178,183,182,257,139,138,168,164,182,147,348,155,200,135,176,187,284,337,223,174,167,274,185,281,44,178,1,0.184,-1.1,0.098,0.607,0.174,0.076,98.48,82,205.0,Nikola Jović,MIA,18.1,12.8,1.1,2,Большой (Big Man),6.142555,6.148638
202696,Nikola Vučević,Nikola,1610612741,CHI,35.0,68,34,39,0.466,31.2,7.5,14.2,0.543,1.8,4.4,0.401,1.6,2.0,0.791,2.4,7.6,9.4,3.3,1.5,0.7,0.7,0.5,2.2,2.2,17.3,-2.6,38.8,45,1,36.9,86,157,68,324,86,40,61,82,120,146,75,149,160,206,34,11,15,104,118,181,85,164,116,121,65,375,40,7,20,43,1,0.22,-2.4,0.136,0.617,0.165,0.154,104.11,82,260.0,Nikola Vučević,CHI,29.9,19.0,1.4,2,Большой (Big Man),3.892501,4.7455745
1641730,Noah Clowney,Noah,1610612751,BKN,21.0,43,11,35,0.239,22.7,2.9,8.1,0.351,1.9,5.7,0.323,1.5,1.7,0.845,0.9,3.0,4.3,1.0,1.1,0.6,0.6,0.6,2.3,1.8,10.1,-2.4,17.1,0,0,17.8,307,407,116,502,222,269,187,501,102,83,297,173,202,125,215,196,196,419,250,344,181,124,102,161,215,534,277,281,44,249,1,0.178,-12.3,0.061,0.52,0.063,0.084,97.91,81,210.0,Noah Clowney,BKN,15.5,10.6,1.2,4,Ролевой игрок,7.3723464,7.7043867
1626181,Norman Powell,Norman,1610612746,LAC,33.0,54,39,21,0.65,32.6,7.6,15.8,0.496,3.0,7.1,0.423,3.6,4.4,0.794,0.4,2.8,3.1,2.0,1.7,1.2,0.2,0.9,1.9,3.5,21.0,3.9,31.0,1,0,32.7,206,100,297,99,57,39,48,168,21,34,44,43,40,208,451,217,285,201,95,53,415,50,194,52,36,27,90,198,44,70,1,0.258,8.8,0.11,0.627,0.096,0.049,99.69,76,215.0,Norman Powell,LAC,25.8,22.0,1.4,2,Большой (Big Man),5.4806414,3.7954655
1628384,OG Anunoby,OG,1610612752,NYK,28.0,78,45,29,0.608,36.6,6.6,13.9,0.477,2.3,6.2,0.363,2.5,3.1,0.81,1.3,3.5,4.9,2.2,1.4,1.5,0.9,1.2,2.3,2.4,18.2,1.0,32.8,1,0,32.1,71,56,188,157,6,65,66,191,57,54,167,89,96,198,124,137,137,188,157,26,64,8,91,110,69,64,75,198,44,74,1,0.209,5.4,0.093,0.591,0.084,0.067,97.73,79,240.0,OG Anunoby,NYK,26.3,19.3,2.4,2,Большой (Big Man),4.6414447,4.386418
1630167,Obi Toppin,Obi,1610612754,IND,28.0,82,48,31,0.608,19.6,4.0,7.6,0.538,1.4,3.8,0.371,1.1,1.4,0.786,0.7,3.3,4.1,1.7,0.9,0.6,0.4,0.3,1.4,1.1,10.9,-3.1,19.8,2,0,19.5,23,30,158,160,283,166,212,83,182,184,188,229,242,249,286,159,190,269,293,314,242,292,340,279,172,332,223,159,44,212,1,0.183,-2.6,0.115,0.641,0.116,0.101,103.97,81,220.0,Obi Toppin,IND,16.8,11.8,1.0,1,Плеймейкер,7.1352186,5.437337
1630534,Ochai Agbaji,Ochai,1610612761,TOR,26.0,67,19,45,0.297,27.2,4.2,8.3,0.489,1.6,4.0,0.392,0.5,0.8,0.704,1.0,2.8,3.9,1.5,0.8,0.9,0.5,0.6,2.0,0.8,10.6,-4.9,20.5,0,0,20.1,170,302,38,460,143,159,177,136,157,177,87,394,393,388,206,215,212,283,301,148,172,144,182,369,173,472,209,281,44,196,1,0.14,-5.7,0.081,0.593,0.081,0.066,101.93,77,215.0,Ochai Agbaji,TOR,16.6,11.4,1.4,1,Плеймейкер,6.81121,5.6257877
1641765,Olivier-Maxence Prosper,Olivier-Maxence,1610612742,DAL,23.0,44,27,25,0.519,11.2,1.3,3.3,0.403,0.2,1.0,0.24,0.9,1.5,0.652,0.8,1.6,2.5,0.8,0.3,0.5,0.1,0.3,0.5,1.0,4.1,-1.4,9.5,0,0,8.5,267,232,256,257,437,440,422,439,443,434,453,271,238,459,245,394,371,441,505,355,441,278,505,298,434,409,427,281,44,439,1,0.146,-7.7,0.082,0.498,0.101,0.103,103.43,79,230.0,Olivier-Maxence Prosper,DAL,7.7,4.5,0.6,4,Ролевой игрок,11.009818,7.673387
1630168,Onyeka Okongwu,Onyeka,1610612737,ATL,25.0,79,35,39,0.473,27.9,5.2,9.2,0.563,0.6,2.0,0.317,2.2,2.9,0.769,3.0,5.9,9.8,2.5,1.3,1.0,1.0,0.7,2.6,2.3,14.8,-1.7,31.8,28,0,28.9,71,149,68,311,128,110,148,57,339,333,328,101,101,296,19,35,22,179,195,136,57,102,44,120,119,193,86,22,44,99,1,0.159,1.1,0.122,0.635,0.113,0.157,104.52,82,240.0,Onyeka Okongwu,ATL,27.8,16.0,2.0,0,Звезда лиги,3.7415214,3.6746347
1631115,Orlando Robinson,Orlando,1610612761,TOR,25.0,42,23,21,0.523,17.5,2.6,5.9,0.438,0.4,1.2,0.317,1.2,1.6,0.781,2.0,3.0,5.5,2.0,1.2,0.4,0.4,0.6,2.3,1.2,7.5,-0.6,16.6,4,0,15.5,322,265,297,253,324,292,291,293,399,400,316,211,221,270,54,200,125,247,219,415,237,132,105,257,304,406,289,116,44,295,2,0.163,-4.8,0.088,0.509,0.152,0.127,102.45,82,235.0,Orlando Robinson,TOR,14.6,8.5,0.8,1,Плеймейкер,7.536081,7.455041
1642345,Oso Ighodaro,Oso,1610612756,PHX,23.0,57,25,36,0.41,17.1,1.9,3.1,0.612,0.0,0.0,0.0,0.5,0.8,0.587,1.1,2.6,3.8,1.3,0.6,0.5,0.5,0.2,1.7,0.8,4.4,1.8,12.5,0,0,10.9,201,252,106,384,330,384,445,37,499,538,499,413,372,495,170,253,231,350,368,379,170,357,256,358,415,264,372,281,44,387,1,0.116,-0.6,0.073,0.603,0.095,0.104,99.05,84,235.0,Oso Ighodaro,PHX,9.9,5.1,1.0,0,Звезда лиги,4.1952586,1.6015805
1631172,Ousmane Dieng,Ousmane,1610612760,OKC,23.0,40,30,7,0.811,10.9,1.5,3.4,0.423,0.6,1.9,0.337,0.3,0.4,0.701,0.5,1.7,2.3,0.8,0.5,0.5,0.2,0.2,0.9,0.4,4.0,2.9,9.2,0,0,8.8,361,196,467,29,443,428,419,341,345,345,333,473,466,411,393,381,392,425,424,377,374,436,445,486,435,157,434,281,44,434,1,0.144,5.1,0.088,0.553,0.107,0.091,102.86,81,185.0,Ousmane Dieng,OKC,7.3,4.4,0.7,1,Плеймейкер,10.710767,5.2438154
1629023,P.J. Washington,P.J.,1610612742,DAL,27.0,54,31,26,0.544,32.2,5.3,11.7,0.441,1.6,4.2,0.388,2.5,3.5,0.729,1.4,6.3,7.8,2.3,2.1,1.1,1.1,0.9,2.3,2.8,14.8,-1.0,31.8,14,0,30.6,232,186,237,234,65,106,103,269,152,160,135,86,78,362,106,28,40,177,69,76,38,47,97,84,98,177,85,40,44,87,1,0.197,1.1,0.097,0.568,0.098,0.115,101.66,78,230.0,P.J. Washington,DAL,25.0,16.0,2.2,2,Большой (Big Man),4.7121882,4.8007264
1631094,Paolo Banchero,Paolo,1610612753,ORL,23.0,40,21,25,0.457,34.4,9.0,19.8,0.442,1.9,5.9,0.314,6.1,8.4,0.724,1.1,6.4,8.1,5.2,3.3,0.9,0.7,1.1,2.1,5.8,28.1,-2.0,43.3,11,0,42.8,307,280,256,333,30,14,8,270,102,68,341,8,4,349,161,26,45,56,20,208,116,17,148,7,11,279,17,55,44,18,1,0.316,-0.6,0.157,0.563,0.262,0.108,97.29,82,250.0,Paolo Banchero,ORL,39.7,30.7,1.6,3,3-and-D игрок,2.542034,6.120788
1627783,Pascal Siakam,Pascal,1610612754,IND,32.0,73,47,31,0.603,32.7,7.9,15.2,0.517,1.6,4.2,0.39,2.9,3.9,0.732,1.7,5.2,6.5,3.2,1.3,0.9,0.5,0.6,2.4,3.4,19.1,1.7,36.5,11,0,35.0,35,36,158,165,55,37,52,96,151,163,116,72,62,341,79,50,58,112,152,152,134,138,71,53,49,67,52,55,44,57,1,0.237,5.5,0.13,0.586,0.155,0.104,101.43,80,245.0,Pascal Siakam,IND,28.9,20.7,1.4,2,Большой (Big Man),4.6190443,4.307221
1626192,Pat Connaughton,Pat,1610612749,MIL,33.0,35,19,22,0.463,14.7,2.0,4.3,0.46,0.6,2.0,0.313,0.6,0.8,0.774,0.5,2.2,2.5,1.6,0.6,0.2,0.3,0.2,1.1,0.8,5.0,1.7,11.9,1,0,11.2,336,302,288,326,374,362,375,214,342,341,338,375,392,265,403,320,347,254,389,489,298,358,399,366,372,260,379,198,44,382,1,0.158,-2.9,0.088,0.561,0.159,0.088,99.41,77,209.0,Pat Connaughton,MIL,9.0,5.8,0.5,1,Плеймейкер,10.418719,5.3549743
1630311,Pat Spencer,Pat,1610612744,GSW,29.0,43,24,15,0.615,6.4,1.1,2.6,0.404,0.1,0.6,0.215,0.3,0.4,0.745,0.4,0.8,1.2,1.2,0.5,0.4,0.1,0.3,0.5,0.5,2.4,0.1,6.6,0,0,5.9,353,261,382,144,506,474,470,428,471,481,460,476,481,342,435,501,492,338,433,430,483,344,507,454,484,275,479,281,44,483,1,0.21,-2.8,0.093,0.461,0.274,0.09,103.26,75,205.0,Pat Spencer,GSW,4.8,3.0,0.5,4,Ролевой игрок,10.805473,7.9075727
1631116,Patrick Baldwin Jr.,Patrick,1610612746,LAC,23.0,30,3,21,0.125,4.4,0.8,1.5,0.544,0.5,1.0,0.574,0.1,0.2,0.515,0.2,0.8,1.0,0.1,0.2,0.1,0.1,0.1,0.3,0.1,2.2,1.6,4.1,0,0,4.3,432,508,297,545,537,495,526,72,360,438,4,539,530,506,511,493,505,554,521,518,474,493,538,542,494,158,522,281,44,517,2,0.159,12.4,0.122,0.718,0.042,0.105,104.77,81,220.0,Patrick Baldwin Jr.,LAC,3.3,2.2,0.2,1,Плеймейкер,8.88559,5.017588
1630172,Patrick Williams,Patrick,1610612741,CHI,24.0,64,31,32,0.492,25.0,3.3,8.2,0.409,1.5,4.3,0.359,1.0,1.3,0.737,0.7,3.1,3.8,2.0,1.4,0.8,0.5,0.6,1.4,1.1,9.0,-1.4,18.9,1,0,18.8,185,186,143,293,179,227,183,452,162,153,235,267,263,361,303,186,216,220,163,217,147,135,336,290,226,454,242,198,44,227,1,0.177,-4.8,0.062,0.507,0.106,0.07,105.94,79,215.0,Patrick Williams,CHI,14.7,10.0,1.3,2,Большой (Big Man),7.1236424,7.394777
201988,Patty Mills,Patty,1610612746,LAC,37.0,21,12,17,0.414,11.1,1.2,3.3,0.377,0.9,2.6,0.356,0.4,0.5,0.923,0.1,0.6,0.7,0.8,0.5,0.4,0.1,0.1,0.8,0.6,3.4,1.2,7.2,0,0,7.5,412,393,360,381,439,457,424,485,286,288,254,421,456,27,535,523,531,413,388,383,449,479,457,410,437,286,473,281,44,463,2,0.164,-3.4,0.055,0.528,0.123,0.032,103.29,74,180.0,Patty Mills,LAC,4.9,3.8,0.5,4,Ролевой игрок,10.846672,6.5748854
202331,Paul George,Paul,1610612755,PHI,36.0,36,15,26,0.366,32.5,6.0,13.9,0.444,2.3,6.5,0.351,1.9,2.4,0.799,0.6,4.8,5.0,4.1,2.5,1.7,0.5,0.5,2.5,2.7,15.4,-3.4,33.5,3,0,32.9,336,349,237,416,58,84,64,348,52,44,215,125,132,183,340,69,109,75,40,5,162,183,62,90,85,413,70,134,44,68,1,0.244,-3.8,0.106,0.536,0.217,0.083,98.87,80,220.0,Paul George,PHI,24.2,17.4,2.2,2,Большой (Big Man),3.482198,6.697557
1630194,Paul Reed,Paul,1610612765,DET,27.0,49,22,23,0.489,9.7,1.6,3.2,0.492,0.2,0.6,0.274,0.7,0.9,0.772,0.9,1.8,2.8,1.0,0.6,0.9,0.6,0.2,1.7,0.8,4.2,3.2,12.5,0,0,10.8,318,274,280,298,461,417,442,114,459,471,396,339,342,288,228,361,338,399,393,167,127,438,258,367,422,171,371,281,44,390,1,0.164,5.6,0.115,0.584,0.141,0.142,101.81,81,210.0,Paul Reed,DET,8.9,4.7,1.5,1,Плеймейкер,7.8879085,3.4009793
1630202,Payton Pritchard,Payton,1610612738,BOS,28.0,79,59,21,0.738,28.4,5.1,10.8,0.47,3.2,7.8,0.398,0.9,1.1,0.85,1.3,2.6,3.9,3.6,1.0,0.9,0.2,0.5,1.5,1.1,14.6,2.4,26.2,5,0,26.9,16,6,297,58,119,116,114,205,14,23,66,281,304,116,129,251,207,105,241,163,389,191,321,288,106,33,126,106,44,109,1,0.198,9.5,0.116,0.644,0.184,0.065,96.45,73,195.0,Payton Pritchard,BOS,22.2,16.4,1.1,2,Большой (Big Man),5.8741503,3.6211777
1641796,Pelle Larsson,Pelle,1610612748,MIA,25.0,49,24,31,0.436,14.2,1.6,3.7,0.426,0.6,1.7,0.345,0.7,1.1,0.659,0.5,1.2,1.7,1.2,0.4,0.6,0.1,0.2,1.7,1.0,4.7,-0.0,10.0,0,0,9.4,253,261,158,360,382,413,399,314,349,363,288,324,294,434,377,446,433,345,444,315,432,396,267,300,394,223,416,281,44,418,1,0.153,2.4,0.055,0.538,0.116,0.058,98.71,77,215.0,Pelle Larsson,MIA,7.9,5.3,0.7,1,Плеймейкер,10.778307,6.078837
1631212,Peyton Watson,Peyton,1610612743,DEN,23.0,62,40,28,0.588,24.3,3.0,6.3,0.481,0.7,2.0,0.35,1.4,2.0,0.686,0.7,2.7,3.5,1.4,0.8,0.7,1.4,0.5,1.8,1.4,8.2,-2.5,19.7,0,0,17.8,138,89,209,186,196,255,277,189,322,333,235,184,164,401,297,229,250,313,304,242,20,158,219,225,262,270,227,281,44,251,1,0.125,0.0,0.066,0.549,0.073,0.069,101.83,79,200.0,Peyton Watson,DEN,14.4,8.9,2.1,1,Плеймейкер,6.7714186,5.136867
1630173,Precious Achiuwa,Precious,1610612752,NYK,26.0,58,36,21,0.632,20.5,2.9,5.7,0.496,0.2,0.6,0.285,0.7,1.2,0.594,1.8,3.8,5.9,1.1,0.8,0.8,0.7,0.4,1.4,0.9,7.0,-0.3,18.7,3,0,16.5,232,136,297,115,262,271,301,122,460,469,412,336,277,490,75,113,104,401,314,188,79,214,331,326,312,317,252,134,44,275,1,0.154,-1.2,0.092,0.54,0.065,0.135,100.16,80,243.0,Precious Achiuwa,NYK,14.7,7.6,1.5,1,Плеймейкер,6.699802,5.0849814
1629656,Quentin Grimes,Quentin,1610612755,PHI,26.0,82,29,46,0.387,26.8,5.1,11.0,0.472,2.2,5.6,0.379,2.2,2.9,0.76,0.8,3.5,4.5,3.1,2.0,1.0,0.3,0.4,1.8,2.3,15.3,-2.6,26.3,4,0,26.6,59,212,32,399,151,114,112,222,72,88,123,103,105,299,270,135,167,127,89,113,276,211,210,115,101,478,125,116,44,113,2,0.208,-6.2,0.105,0.601,0.172,0.077,100.7,76,210.0,Quentin Grimes,PHI,22.2,16.8,1.3,2,Большой (Big Man),4.6590834,6.549318
1631245,Quenton Jackson,Quenton,1610612754,IND,27.0,28,14,14,0.5,13.6,2.1,4.4,0.47,0.5,1.4,0.361,1.1,1.4,0.788,0.5,1.1,1.7,2.0,0.6,0.8,0.2,0.5,1.5,1.6,6.1,2.2,12.7,0,0,11.6,416,364,392,266,391,357,371,193,361,383,150,238,246,264,378,455,447,229,396,219,382,199,305,189,357,242,367,281,44,373,1,0.162,0.8,0.089,0.573,0.193,0.057,104.12,77,173.0,Quenton Jackson,IND,10.2,7.1,1.0,1,Плеймейкер,9.413989,4.1322722
1642366,Quinten Post,Quinten,1610612744,GSW,26.0,47,26,16,0.619,16.3,2.9,6.5,0.455,1.7,4.3,0.414,0.5,0.6,0.786,0.8,2.7,3.6,1.3,0.8,0.4,0.4,0.4,2.0,0.6,8.3,0.1,16.0,0,0,16.3,330,240,369,141,344,266,266,278,126,158,64,400,417,252,249,236,242,322,316,417,201,237,176,422,263,167,302,281,44,280,1,0.203,2.4,0.095,0.61,0.131,0.106,100.02,84,238.0,Quinten Post,GSW,13.2,9.0,0.8,1,Плеймейкер,7.8843775,5.3692403
1629628,RJ Barrett,RJ,1610612761,TOR,26.0,57,23,35,0.397,32.2,7.9,16.9,0.457,1.8,5.3,0.362,3.4,5.4,0.627,1.1,5.3,6.3,5.4,2.9,0.8,0.3,1.4,2.4,4.0,21.3,-0.7,37.2,10,2,36.8,223,265,116,394,64,34,35,218,108,97,247,53,25,467,173,48,70,39,28,204,277,4,82,34,42,436,49,62,15,46,1,0.278,-3.4,0.121,0.535,0.257,0.094,102.74,78,214.0,RJ Barrett,TOR,31.2,24.0,1.1,3,3-and-D игрок,2.8922634,6.729223
1641712,Rayan Rupert,Rayan,1610612757,POR,22.0,48,23,29,0.442,8.8,1.1,2.7,0.397,0.3,1.1,0.278,0.4,0.6,0.774,0.5,0.8,1.4,0.5,0.6,0.3,0.1,0.3,0.7,0.5,3.2,-0.2,5.9,1,0,5.9,267,265,188,355,469,466,465,420,412,406,423,424,433,280,378,491,473,492,394,449,483,315,475,459,470,391,492,198,44,486,1,0.167,-9.2,0.055,0.486,0.083,0.071,104.66,78,195.0,Rayan Rupert,POR,4.9,3.4,0.4,4,Ролевой игрок,11.031813,7.644086
1641736,Reece Beekman,Reece,1610612751,BKN,24.0,41,13,23,0.361,13.0,1.0,3.0,0.323,0.2,1.1,0.19,0.4,0.6,0.757,0.4,0.7,1.2,1.9,0.6,1.0,0.1,0.2,1.0,0.8,2.8,-0.6,8.8,0,0,7.6,370,382,280,422,401,482,451,520,454,410,485,423,431,288,444,507,502,247,390,145,503,376,416,354,480,467,443,281,44,462,2,0.117,-12.0,0.051,0.402,0.205,0.041,99.16,75,190.0,Reece Beekman,BKN,6.4,3.8,1.1,4,Ролевой игрок,10.791335,8.45092
1642263,Reed Sheppard,Reed,1610612745,HOU,22.0,59,30,22,0.577,12.6,1.6,4.6,0.343,0.9,2.7,0.327,0.3,0.3,0.813,0.3,1.2,1.7,1.5,0.8,0.8,0.3,0.3,1.0,0.2,4.9,-1.0,10.7,0,0,10.3,267,196,288,204,407,414,361,507,279,277,283,488,503,186,468,441,453,296,343,257,258,348,414,527,400,330,402,281,44,399,1,0.167,-2.7,0.06,0.463,0.153,0.054,104.93,74,185.0,Reed Sheppard,HOU,8.4,5.6,1.1,4,Ролевой игрок,10.385372,7.792172
202704,Reggie Jackson,Reggie,1610612755,PHI,36.0,29,11,20,0.355,12.4,1.7,4.3,0.383,0.8,2.4,0.338,0.2,0.3,0.765,0.3,1.1,1.3,1.4,0.5,0.5,0.1,0.1,1.1,0.3,4.1,1.1,9.5,0,0,9.2,402,407,318,427,414,402,377,461,303,308,284,495,511,252,490,454,471,294,407,348,466,485,401,520,401,294,428,281,44,423,1,0.169,-3.5,0.067,0.487,0.172,0.055,98.88,74,208.0,Reggie Jackson,PHI,6.9,4.8,0.6,4,Ролевой игрок,10.731613,7.1228056
1626158,Richaun Holmes,Richaun,1610612764,WAS,32.0,38,9,22,0.29,17.2,2.9,4.5,0.657,0.0,0.1,0.0,1.6,1.9,0.84,2.0,3.7,5.7,1.4,0.7,0.3,0.7,0.3,1.6,1.7,7.3,1.4,18.7,3,0,16.5,402,434,288,462,329,268,365,24,499,522,499,153,177,131,55,119,92,317,353,459,77,287,284,171,277,359,249,134,44,273,1,0.143,-4.3,0.135,0.693,0.112,0.161,100.78,81,235.0,Richaun Holmes,WAS,14.7,8.0,1.0,0,Звезда лиги,4.1722646,2.182274
1641741,Ricky Council IV,Ricky,1610612755,PHI,24.0,65,16,57,0.219,17.1,2.4,6.3,0.381,0.8,2.9,0.244,1.7,2.1,0.801,0.7,2.2,3.0,1.3,0.7,0.4,0.2,0.3,0.9,1.6,7.5,-0.1,13.9,3,0,13.5,86,340,4,515,331,321,274,478,310,259,435,140,155,207,292,311,316,326,342,396,384,266,435,185,280,422,339,134,44,339,1,0.196,-6.1,0.08,0.496,0.115,0.084,99.93,78,207.0,Ricky Council IV,PHI,11.7,8.2,0.6,4,Ролевой игрок,9.389409,7.6362667
1642265,Rob Dillingham,Rob,1610612750,MIN,21.0,43,30,19,0.612,10.5,1.9,4.3,0.45,0.5,1.5,0.343,0.2,0.3,0.547,0.2,0.8,1.1,2.1,1.2,0.4,0.0,0.2,0.8,0.6,4.7,-0.9,8.9,0,0,8.9,293,196,329,150,450,378,376,307,364,377,284,513,505,502,498,502,509,208,226,405,518,435,467,422,397,203,442,281,44,431,1,0.205,1.2,0.078,0.494,0.283,0.046,101.82,75,175.0,Rob Dillingham,MIN,7.1,5.8,0.4,4,Ролевой игрок,9.934868,6.971868
1629057,Robert Williams III,Robert,1610612757,POR,28.0,21,7,13,0.35,17.6,2.5,3.9,0.651,0.1,0.2,0.334,0.8,0.9,0.871,1.8,4.2,6.1,1.1,0.9,0.7,1.8,0.3,1.6,0.7,6.0,-3.0,20.5,0,0,17.4,448,460,403,430,322,308,389,26,486,517,297,321,364,62,76,94,87,378,298,276,8,302,297,405,356,318,211,281,44,257,1,0.127,-2.0,0.137,0.679,0.09,0.159,100.69,81,249.0,Robert Williams III,POR,14.8,6.6,2.5,0,Звезда лиги,4.1484756,2.3683743
1641842,Ronald Holland II,Ronald,1610612765,DET,20.0,76,44,37,0.543,15.6,2.4,5.1,0.462,0.4,1.9,0.229,1.1,1.5,0.75,0.5,2.2,3.1,1.2,1.0,0.7,0.2,0.3,1.7,1.4,7.4,-2.5,12.7,0,0,12.2,12,62,96,235,354,319,321,199,383,350,451,226,231,303,388,319,344,383,280,300,357,319,234,224,326,303,365,281,44,364,1,0.189,-1.0,0.078,0.559,0.095,0.083,101.0,80,206.0,Ronald Holland II,DET,11.6,8.0,0.9,1,Плеймейкер,8.522663,6.9265137
1626220,Royce O'Neale,Royce,1610612756,PHX,33.0,77,33,42,0.44,24.5,3.2,7.6,0.427,2.4,5.9,0.419,0.3,0.3,0.726,0.7,3.9,4.6,2.1,0.9,0.9,0.4,0.3,2.0,0.4,8.9,0.3,21.0,1,0,20.9,59,166,47,356,191,234,211,380,50,70,68,487,495,347,287,106,149,193,290,154,196,347,168,467,220,416,196,198,44,185,1,0.153,-4.2,0.085,0.579,0.128,0.094,100.27,78,226.0,Royce O'Neale,PHX,16.0,10.0,1.3,1,Плеймейкер,7.147951,3.813403
203497,Rudy Gobert,Rudy,1610612750,MIN,34.0,75,43,29,0.597,33.2,4.7,7.1,0.67,0.0,0.0,0.011,2.6,3.8,0.685,3.7,7.2,10.2,1.7,1.1,0.8,1.3,0.8,2.5,3.6,11.3,4.2,33.2,36,0,29.1,95,75,188,175,45,136,239,15,499,542,499,83,70,432,6,16,9,245,189,210,16,75,53,46,145,46,72,14,44,98,1,0.126,6.7,0.126,0.698,0.075,0.161,97.63,85,258.0,Rudy Gobert,MIN,24.2,12.2,2.1,0,Звезда лиги,3.3456016,2.7775018
1629060,Rui Hachimura,Rui,1610612747,LAL,28.0,64,37,22,0.627,31.7,5.0,9.8,0.508,1.7,4.2,0.417,1.5,1.9,0.766,1.3,3.7,5.0,1.4,0.8,0.8,0.4,0.7,1.8,1.4,13.0,3.4,24.0,1,0,23.7,218,124,288,126,76,120,137,108,133,162,53,171,179,271,117,121,125,305,303,216,195,101,224,213,122,98,153,198,44,144,1,0.149,3.9,0.086,0.628,0.063,0.079,99.44,80,230.0,Rui Hachimura,LAL,19.8,13.7,1.2,1,Плеймейкер,7.0238566,4.1596127
201566,Russell Westbrook,Russell,1610612743,DEN,37.0,80,43,32,0.573,27.9,5.0,11.1,0.459,1.3,3.9,0.33,2.1,3.1,0.649,1.4,3.6,4.6,5.7,3.0,1.3,0.5,0.7,2.5,2.3,12.5,-0.6,30.8,13,4,29.3,59,75,143,208,127,119,108,279,198,182,334,111,90,451,115,130,133,23,13,32,159,91,56,116,120,261,92,46,9,95,1,0.222,-0.6,0.093,0.544,0.289,0.086,103.3,76,200.0,Russell Westbrook,DEN,21.6,15.4,1.8,2,Большой (Big Man),3.473972,6.6023235
1642346,Ryan Dunn,Ryan,1610612756,PHX,23.0,80,32,42,0.432,19.1,2.8,6.4,0.426,1.1,3.6,0.323,0.3,0.5,0.488,1.2,2.4,3.8,0.8,0.5,0.6,0.5,0.3,2.2,0.4,7.3,-0.3,15.3,3,0,14.7,71,179,47,363,293,281,269,349,231,204,362,486,444,529,136,289,235,440,409,309,132,320,125,477,303,426,318,134,44,316,1,0.154,-4.7,0.059,0.511,0.059,0.09,98.59,80,216.0,Ryan Dunn,PHX,12.5,7.7,1.1,4,Ролевой игрок,8.958524,7.3568068
1631157,Ryan Rollins,Ryan,1610612749,MIL,23.0,54,30,26,0.536,14.6,2.4,4.8,0.493,0.9,2.1,0.414,0.6,0.8,0.803,0.4,1.6,2.0,2.0,1.0,0.9,0.3,0.4,1.6,0.8,6.6,2.7,13.5,1,0,13.0,246,196,237,241,377,331,342,160,290,322,63,354,374,213,438,399,415,233,267,219,269,242,288,342,334,140,346,198,44,347,1,0.18,5.4,0.088,0.592,0.173,0.065,101.74,75,180.0,Ryan Rollins,MIL,10.8,7.6,1.2,1,Плеймейкер,8.895364,3.9979599
1630573,Sam Hauser,Sam,1610612738,BOS,28.0,64,52,19,0.732,21.7,3.0,6.7,0.454,2.3,5.6,0.424,0.2,0.2,0.989,0.6,2.5,3.2,0.9,0.3,0.6,0.2,0.1,1.2,0.4,8.6,3.2,15.6,0,0,16.4,108,19,329,62,237,253,258,273,54,87,49,515,535,1,331,260,287,411,489,318,379,512,374,469,249,44,310,281,44,276,1,0.131,10.0,0.083,0.633,0.057,0.07,96.4,79,217.0,Sam Hauser,BOS,13.2,9.0,0.8,1,Плеймейкер,9.550279,3.999974
1630241,Sam Merrill,Sam,1610612739,CLE,30.0,68,54,17,0.761,19.7,2.4,6.0,0.417,1.9,5.2,0.372,0.4,0.4,0.962,0.5,1.7,2.2,1.5,0.5,0.7,0.2,0.2,1.7,0.8,7.2,4.3,14.4,0,0,14.7,108,16,360,54,278,323,289,431,95,102,165,439,475,23,366,387,390,285,422,226,369,385,231,357,289,47,328,281,44,312,1,0.142,10.3,0.069,0.579,0.099,0.052,101.26,76,205.0,Sam Merrill,CLE,11.3,8.0,0.9,1,Плеймейкер,9.546559,3.9239833
1630572,Sandro Mamukelashvili,Sandro,1610612759,SAS,27.0,63,23,38,0.377,11.2,2.3,4.6,0.498,1.0,2.6,0.384,0.7,1.0,0.738,1.0,2.0,3.1,0.8,0.4,0.4,0.3,0.2,1.0,0.7,6.4,-0.2,12.7,2,0,12.4,201,265,85,406,438,339,358,121,270,286,161,341,335,334,179,336,295,438,449,427,286,434,426,389,333,280,368,159,44,357,1,0.189,-1.4,0.124,0.63,0.108,0.131,102.07,81,240.0,Sandro Mamukelashvili,SAS,10.6,6.8,0.7,1,Плеймейкер,8.333248,5.010058
1630583,Santi Aldama,Santi,1610612763,MEM,25.0,70,38,27,0.585,25.5,4.8,10.0,0.487,1.8,5.0,0.379,1.0,1.4,0.683,1.4,5.0,7.1,3.2,1.2,0.9,0.4,0.3,1.2,1.3,13.9,-0.6,27.1,10,0,26.1,162,110,222,196,171,129,130,170,106,109,178,255,241,404,105,62,68,132,225,199,191,286,388,248,133,112,117,62,44,117,1,0.166,3.5,0.121,0.578,0.149,0.116,105.41,84,215.0,Santi Aldama,MEM,24.3,15.5,1.3,2,Большой (Big Man),4.8812876,4.8440914
1630703,Scoot Henderson,Scoot,1610612757,POR,22.0,65,30,36,0.455,26.7,4.3,10.4,0.412,1.6,4.5,0.34,2.4,3.1,0.762,0.8,2.2,3.4,5.7,3.0,1.1,0.2,0.7,2.7,2.8,14.3,-1.6,24.9,2,0,24.8,156,196,106,339,156,149,121,396,154,143,233,95,88,279,267,315,300,48,38,94,371,104,33,85,129,292,141,159,44,131,1,0.217,-1.3,0.084,0.547,0.274,0.054,100.99,75,206.0,Scoot Henderson,POR,21.7,17.2,1.3,2,Большой (Big Man),4.0954804,6.78973
1630567,Scottie Barnes,Scottie,1610612761,TOR,24.0,72,26,39,0.4,32.8,7.3,16.4,0.446,1.2,4.3,0.268,3.5,4.6,0.765,1.7,6.0,8.4,6.4,3.1,1.5,1.1,0.6,1.7,3.8,21.1,-0.3,41.6,26,1,38.8,162,240,68,389,50,51,44,290,218,154,422,45,38,301,81,33,43,29,31,31,50,121,235,42,52,409,24,26,20,32,1,0.253,-2.7,0.139,0.537,0.279,0.111,102.48,79,237.0,Scottie Barnes,TOR,35.4,24.3,2.6,3,3-and-D игрок,2.6727474,5.70953
1630590,Scotty Pippen Jr.,Scotty,1610612763,MEM,25.0,79,46,33,0.582,21.3,3.6,7.5,0.484,1.1,2.8,0.397,1.5,2.2,0.703,0.8,2.5,3.7,4.9,1.9,1.4,0.4,0.5,2.6,2.4,11.0,0.6,23.7,9,1,22.0,23,45,130,200,245,199,219,179,235,271,94,165,148,379,255,276,275,73,101,43,228,152,45,112,196,192,159,71,20,165,1,0.182,1.3,0.106,0.572,0.283,0.07,105.6,73,170.0,Scotty Pippen Jr.,MEM,19.5,13.4,1.8,2,Большой (Big Man),5.342931,4.106486
203552,Seth Curry,Seth,1610612766,CHA,35.0,63,17,51,0.25,15.6,2.4,5.0,0.474,1.2,2.7,0.447,0.5,0.6,0.846,0.4,1.3,1.5,0.8,0.4,0.4,0.1,0.1,0.9,0.8,5.7,-1.0,10.9,0,0,11.3,138,323,16,489,356,325,328,180,205,281,15,409,434,113,448,426,437,416,428,410,453,481,449,361,320,441,396,281,44,379,1,0.157,-8.0,0.083,0.604,0.087,0.049,99.1,73,185.0,Seth Curry,CHA,8.1,6.1,0.5,1,Плеймейкер,9.055646,5.3322215
1631101,Shaedon Sharpe,Shaedon,1610612757,POR,23.0,79,32,40,0.444,31.3,6.9,15.3,0.447,2.0,6.6,0.325,2.6,3.4,0.782,0.9,3.6,4.6,2.9,2.1,0.9,0.2,0.7,1.7,2.6,18.9,-1.7,29.2,3,0,30.0,95,179,59,353,84,57,51,271,84,43,358,77,82,241,212,132,157,141,68,170,334,104,258,93,63,402,104,134,44,90,1,0.25,-3.0,0.102,0.545,0.138,0.07,99.88,77,208.0,Shaedon Sharpe,POR,25.4,20.3,1.1,2,Большой (Big Man),4.298505,6.7316003
1628983,Shai Gilgeous-Alexander,Shai,1610612760,OKC,27.0,80,63,13,0.829,34.2,11.3,21.8,0.52,2.1,5.7,0.383,7.9,8.8,0.908,0.9,4.1,5.2,6.7,2.5,1.8,1.0,1.0,2.2,6.1,34.2,12.1,54.1,6,0,51.7,51,2,403,23,35,2,1,93,73,80,155,1,3,44,230,97,128,19,55,11,41,29,132,4,1,1,4,93,44,5,1,0.343,16.7,0.199,0.648,0.299,0.069,101.91,78,195.0,Shai Gilgeous-Alexander,OKC,46.4,37.6,2.8,3,3-and-D игрок,1.905326,6.0581846
1629003,Shake Milton,Shake,1610612747,LAL,29.0,56,29,28,0.509,14.7,2.0,4.5,0.454,0.7,1.9,0.361,0.8,1.0,0.81,0.5,1.3,1.8,1.8,0.7,0.4,0.1,0.3,1.2,1.1,5.4,-1.7,11.2,1,0,10.8,232,212,209,263,375,363,366,268,333,351,214,290,309,227,362,430,422,241,346,393,493,270,386,281,362,418,386,198,44,389,2,0.154,-6.9,0.081,0.574,0.184,0.061,98.81,77,205.0,Shake Milton,LAL,8.8,6.3,0.5,1,Плеймейкер,9.126268,6.148413
1631321,Sidy Cissoko,Sidy,1610612757,POR,22.0,21,11,11,0.5,5.2,0.6,1.4,0.429,0.1,0.6,0.22,0.1,0.4,0.328,0.4,0.6,1.1,0.7,0.5,0.1,0.0,0.2,0.5,0.3,1.6,-1.2,3.5,0,0,3.5,441,407,425,266,524,522,532,334,469,478,456,525,473,539,442,525,517,449,415,531,509,372,515,502,532,205,533,281,44,530,2,0.166,2.1,0.057,0.464,0.197,0.085,103.79,78,200.0,Sidy Cissoko,POR,3.0,2.0,0.1,4,Ролевой игрок,11.198203,7.8588333
1631323,Simone Fontecchio,Simone,1610612765,DET,30.0,74,38,37,0.507,16.5,2.0,5.0,0.407,1.0,3.0,0.345,0.9,1.1,0.847,0.7,2.2,2.8,0.9,0.7,0.4,0.2,0.2,1.3,0.9,5.6,2.0,11.7,0,0,11.8,59,110,96,264,340,364,334,440,254,252,294,272,291,131,296,322,324,420,336,404,403,361,362,323,347,221,384,281,44,369,1,0.158,1.2,0.068,0.54,0.071,0.083,103.26,79,209.0,Simone Fontecchio,DET,9.2,6.0,0.6,1,Плеймейкер,10.834876,5.598443
203915,Spencer Dinwiddie,Spencer,1610612742,DAL,33.0,82,37,42,0.468,27.0,3.6,8.6,0.405,1.4,4.1,0.348,2.5,3.1,0.799,0.2,2.4,2.5,4.3,1.3,0.9,0.2,0.3,1.5,2.5,10.7,-0.1,22.9,5,0,21.7,23,124,47,316,149,201,166,404,183,166,296,90,94,211,504,281,350,72,178,160,348,313,308,101,161,451,169,106,44,172,1,0.175,-5.0,0.089,0.543,0.228,0.048,101.4,77,215.0,Spencer Dinwiddie,DAL,17.3,12.8,1.1,2,Большой (Big Man),6.631116,6.6125207
1642461,Spencer Jones,Spencer,1610612743,DEN,25.0,20,13,7,0.65,6.2,0.6,1.7,0.309,0.1,0.9,0.051,0.2,0.2,0.993,0.4,0.5,1.0,0.3,0.3,0.3,0.3,0.0,0.9,0.1,1.4,-3.3,3.9,0,0,3.5,448,382,467,99,508,528,515,522,486,450,497,520,537,1,427,547,524,534,507,471,309,522,454,546,537,425,524,281,44,533,1,0.136,-18.0,0.013,0.354,0.06,0.062,104.76,79,225.0,Spencer Jones,DEN,3.0,1.5,0.6,4,Ролевой игрок,11.066287,8.47274
1630649,Stanley Umude,Stanley,1610612749,MIL,27.0,27,15,7,0.682,3.9,0.2,1.2,0.183,0.1,0.7,0.213,0.1,0.2,0.501,0.2,0.6,0.8,0.2,0.1,0.1,0.3,0.0,0.4,0.1,0.7,0.1,3.0,0,0,2.6,441,349,467,79,546,553,544,552,469,467,471,537,526,506,523,525,530,546,543,514,293,517,529,547,555,304,540,281,44,544,1,0.135,-10.1,0.022,0.259,0.071,0.089,107.72,78,210.0,Stanley Umude,MIL,2.0,0.8,0.4,4,Ролевой игрок,10.9337015,8.576492
201939,Stephen Curry,Stephen,1610612744,GSW,38.0,71,41,29,0.586,32.2,8.1,18.0,0.449,4.4,11.2,0.395,4.0,4.3,0.925,0.6,3.9,4.2,5.7,2.8,1.0,0.4,0.7,1.4,3.5,23.3,5.2,40.7,9,0,42.6,118,83,188,194,66,31,24,280,1,2,96,31,46,26,345,110,162,26,29,69,201,103,345,49,18,58,29,71,44,19,1,0.275,5.7,0.145,0.631,0.284,0.066,101.72,74,185.0,Stephen Curry,GSW,31.8,26.2,1.4,3,3-and-D игрок,1.7151227,6.820177
1642264,Stephon Castle,Stephon,1610612759,SAS,21.0,81,33,48,0.407,26.7,5.2,12.2,0.442,1.2,4.1,0.297,3.1,4.2,0.734,1.1,2.6,4.2,4.6,2.5,1.0,0.3,0.8,2.0,3.2,16.6,-0.9,26.6,6,0,26.0,12,166,23,386,155,111,90,359,216,167,404,68,48,359,166,250,227,82,63,147,297,60,166,61,97,455,119,93,44,121,1,0.265,-4.7,0.087,0.517,0.231,0.066,101.89,78,215.0,Stephon Castle,SAS,24.2,18.9,1.3,2,Большой (Big Man),3.8152049,6.7178154
203500,Steven Adams,Steven,1610612745,HOU,32.0,58,38,20,0.655,13.7,1.6,2.9,0.546,0.0,0.0,0.0,0.7,1.6,0.456,2.9,2.8,5.5,1.1,0.9,0.4,0.5,0.2,1.0,1.8,3.8,0.7,14.0,3,0,12.4,223,110,318,95,390,419,456,71,499,537,499,328,219,532,22,226,99,355,271,418,167,423,410,162,433,89,337,134,44,360,1,0.122,9.4,0.109,0.554,0.107,0.187,99.77,83,265.0,Steven Adams,HOU,10.4,4.4,0.9,0,Звезда лиги,4.0993047,1.5027895
1629004,Svi Mykhailiuk,Svi,1610612762,UTA,29.0,35,6,32,0.158,20.0,3.1,7.9,0.38,1.8,5.3,0.341,0.7,0.9,0.793,0.6,1.8,2.4,2.0,1.4,0.5,0.2,0.4,1.1,0.8,8.8,-4.0,15.3,0,0,16.4,357,473,143,538,271,245,193,463,110,96,258,329,345,213,341,364,376,208,161,355,377,214,393,351,234,450,316,281,44,277,1,0.206,-7.4,0.067,0.519,0.144,0.055,101.83,79,205.0,Svi Mykhailiuk,UTA,12.5,9.8,0.7,4,Ролевой игрок,7.6954575,8.139312
204456,T.J. McConnell,T.J.,1610612754,IND,34.0,77,49,30,0.62,17.9,4.1,7.9,0.504,0.2,0.6,0.308,0.7,1.0,0.748,0.6,1.9,2.4,4.4,1.4,1.1,0.3,0.5,1.0,1.2,9.1,0.4,21.3,2,0,18.8,23,25,176,137,316,160,196,94,456,472,371,334,328,336,353,356,367,69,156,89,300,157,416,258,216,306,191,159,44,225,1,0.24,-2.7,0.129,0.543,0.359,0.069,103.69,73,190.0,T.J. McConnell,IND,15.9,11.3,1.4,2,Большой (Big Man),5.6417036,6.1046033
201959,Taj Gibson,Taj,1610612766,CHA,41.0,39,10,27,0.27,11.1,1.3,2.6,0.496,0.0,0.1,0.506,0.3,0.5,0.589,1.4,1.9,3.1,0.6,0.7,0.2,0.5,0.3,1.5,0.5,2.8,-3.6,9.1,1,0,8.2,361,419,222,478,440,453,472,146,494,529,7,463,443,482,113,358,277,477,355,479,164,281,324,434,474,473,436,198,44,448,1,0.118,-13.8,0.068,0.503,0.081,0.133,99.38,81,232.0,Taj Gibson,CHA,6.5,3.1,0.7,1,Плеймейкер,9.65604,6.2757187
1629659,Talen Horton-Tucker,Talen,1610612741,CHI,25.0,54,26,32,0.448,12.5,2.3,5.0,0.463,0.7,2.1,0.339,1.2,1.7,0.722,0.3,1.4,1.8,1.4,0.7,0.4,0.2,0.3,1.0,1.2,6.7,-0.7,11.7,0,0,11.5,223,240,143,348,409,340,329,256,321,327,291,209,210,340,460,416,430,301,350,425,373,307,415,271,319,211,383,281,44,376,1,0.212,1.7,0.09,0.563,0.162,0.063,106.82,76,234.0,Talen Horton-Tucker,CHI,9.8,7.4,0.6,1,Плеймейкер,8.711593,6.30868
1631106,Tari Eason,Tari,1610612745,HOU,25.0,54,36,21,0.632,24.9,4.8,9.8,0.484,1.1,3.2,0.339,1.4,1.8,0.774,2.2,4.1,7.1,1.7,1.2,1.9,1.0,0.8,2.4,1.3,13.3,0.8,28.4,6,0,26.1,232,136,297,115,183,134,136,162,232,230,270,187,187,295,44,97,69,293,213,12,65,64,76,236,144,104,107,93,44,118,1,0.188,5.6,0.117,0.572,0.082,0.118,101.55,80,215.0,Tari Eason,HOU,23.8,14.2,2.9,2,Большой (Big Man),4.7299695,4.5571404
1627752,Taurean Prince,Taurean,1610612749,MIL,32.0,82,46,34,0.575,27.1,2.9,6.4,0.453,1.8,4.2,0.452,0.5,0.6,0.806,0.4,3.2,3.6,1.9,1.0,1.0,0.2,0.3,2.1,0.8,8.2,-1.8,17.8,1,0,17.8,16,45,124,207,145,265,271,255,112,161,19,408,429,186,420,173,236,225,246,125,375,327,160,369,259,256,265,198,44,247,1,0.109,-0.4,0.064,0.608,0.093,0.065,100.95,78,218.0,Taurean Prince,MIL,13.9,9.1,1.2,1,Плеймейкер,7.929519,5.44313
1629611,Terance Mann,Terance,1610612737,ATL,29.0,62,37,30,0.552,21.1,3.1,6.2,0.502,0.9,2.4,0.356,0.7,1.0,0.678,1.0,2.0,2.8,1.7,0.7,0.7,0.2,0.4,1.9,1.0,7.3,-1.3,16.1,0,0,15.2,147,124,176,227,254,249,283,141,288,304,178,344,313,405,181,347,309,239,347,244,333,217,190,315,270,379,298,281,44,301,2,0.157,-2.3,0.074,0.578,0.118,0.07,100.43,77,215.0,Terance Mann,ATL,12.0,8.2,0.9,1,Плеймейкер,8.3129425,5.8914175
1630545,Terrence Shannon Jr.,Terrence,1610612750,MIN,25.0,28,21,11,0.656,10.6,1.7,3.6,0.493,0.3,1.0,0.354,0.5,0.7,0.796,0.3,1.2,1.6,1.1,0.5,0.2,0.2,0.6,0.8,0.5,4.7,-2.0,8.2,1,0,7.9,397,280,425,94,449,397,409,173,406,437,227,394,413,199,467,447,460,384,430,490,407,144,456,442,406,209,459,198,44,458,1,0.157,0.8,0.082,0.552,0.139,0.065,103.77,78,215.0,Terrence Shannon Jr.,MIN,7.3,5.2,0.4,1,Плеймейкер,9.514697,6.148343
1626179,Terry Rozier,Terry,1610612748,MIA,32.0,67,27,37,0.422,25.9,3.9,9.9,0.385,1.4,4.8,0.297,1.4,1.7,0.84,0.7,3.0,3.7,2.6,1.2,0.6,0.2,0.6,1.1,1.5,10.6,-3.1,20.2,0,0,20.0,170,232,96,371,163,174,133,465,177,124,388,175,211,104,298,194,218,151,194,317,342,144,391,195,171,424,214,281,44,200,1,0.185,-4.9,0.078,0.502,0.152,0.068,99.13,73,190.0,Terry Rozier,MIA,16.5,11.9,0.8,4,Ролевой игрок,7.3976393,7.8908453
1628418,Thomas Bryant,Thomas,1610612754,IND,28.0,70,44,22,0.667,14.6,2.5,4.9,0.511,0.7,2.2,0.323,0.8,1.0,0.848,1.3,2.5,4.0,0.8,0.5,0.4,0.6,0.3,1.2,0.9,6.9,-0.8,15.0,1,0,13.9,156,62,288,84,379,315,339,113,317,318,328,287,331,93,132,257,209,434,436,400,111,341,390,317,322,289,321,198,44,331,2,0.154,-3.5,0.11,0.604,0.078,0.128,102.45,82,248.0,Thomas Bryant,IND,12.2,7.3,1.0,1,Плеймейкер,8.129228,5.044312
1642275,Tidjane Salaün,Tidjane,1610612766,CHA,20.0,63,12,48,0.2,20.7,1.9,5.8,0.335,1.0,3.4,0.291,1.1,1.6,0.698,1.2,3.5,5.3,1.4,1.1,0.6,0.2,0.5,1.4,1.3,6.7,-3.5,14.5,2,0,14.2,206,393,23,520,260,376,300,517,273,215,406,235,223,380,148,138,148,337,261,365,328,186,334,241,351,525,326,159,44,325,1,0.152,-11.9,0.065,0.453,0.092,0.106,98.5,80,207.0,Tidjane Salaün,CHA,13.1,7.4,0.8,4,Ролевой игрок,7.7253375,8.077943
203501,Tim Hardaway Jr.,Tim,1610612765,DET,34.0,80,41,36,0.532,28.0,3.6,8.8,0.415,2.2,5.9,0.381,1.6,1.9,0.849,0.2,2.1,2.3,1.5,0.6,0.5,0.1,0.2,1.2,2.0,10.3,2.6,17.3,0,0,18.3,43,83,106,243,124,202,160,429,66,65,182,155,183,101,501,325,375,274,374,362,471,356,368,140,163,212,272,281,44,240,1,0.148,-0.5,0.066,0.568,0.074,0.042,100.66,77,205.0,Tim Hardaway Jr.,DET,14.1,11.0,0.6,1,Плеймейкер,9.371741,4.072463
202699,Tobias Harris,Tobias,1610612765,DET,33.0,67,40,33,0.548,31.6,5.3,11.0,0.478,1.2,3.6,0.348,2.0,2.3,0.875,0.9,5.0,5.7,2.1,1.2,1.0,0.8,0.6,1.9,1.7,13.3,2.9,28.4,5,0,26.7,86,89,130,233,78,107,109,188,200,195,261,119,138,91,227,56,84,187,207,100,75,118,198,178,116,103,108,106,44,112,1,0.188,3.9,0.1,0.563,0.095,0.092,100.89,80,226.0,Tobias Harris,DET,21.7,14.4,1.8,2,Большой (Big Man),5.1011963,4.486409
1628470,Torrey Craig,Torrey,1610612738,BOS,35.0,32,16,10,0.615,12.1,1.5,3.5,0.428,0.9,2.5,0.37,0.3,0.5,0.675,1.0,1.8,2.7,0.7,0.3,0.3,0.5,0.1,1.3,0.4,4.0,0.9,10.5,0,0,10.1,424,340,443,144,423,427,416,382,279,291,195,469,461,438,176,368,330,460,492,449,175,465,354,475,418,400,406,281,44,405,2,0.131,-5.0,0.08,0.565,0.078,0.106,98.16,77,221.0,Torrey Craig,BOS,7.9,4.4,0.8,1,Плеймейкер,10.488335,5.148936
1641787,Tosan Evbuomwan,Tosan,1610612751,BKN,25.0,24,8,20,0.286,23.7,3.4,7.9,0.426,0.9,2.8,0.302,2.0,2.6,0.743,1.1,3.1,4.5,2.1,1.5,0.9,0.4,0.8,2.0,2.1,10.0,-3.8,19.9,0,0,19.1,416,445,318,464,207,216,197,363,293,273,356,117,115,307,155,178,171,222,154,173,241,75,180,128,204,433,219,281,44,219,1,0.19,-5.0,0.087,0.537,0.132,0.087,97.96,79,217.0,Tosan Evbuomwan,BKN,16.4,11.0,1.3,2,Большой (Big Man),6.248156,7.271154
1641739,Toumani Camara,Toumani,1610612757,POR,26.0,79,33,45,0.423,32.7,4.2,9.2,0.45,1.7,4.6,0.385,1.2,1.6,0.728,2.2,3.6,6.0,2.3,1.4,1.6,0.6,0.4,2.9,2.8,11.7,-2.2,26.6,4,0,25.3,35,166,38,370,54,156,150,250,132,134,150,218,216,362,48,133,90,184,152,25,107,254,17,78,154,383,120,116,44,127,1,0.134,-1.8,0.076,0.562,0.096,0.086,99.38,79,229.0,Toumani Camara,POR,20.8,12.8,2.2,2,Большой (Big Man),5.1786113,5.156633
1629027,Trae Young,Trae,1610612737,ATL,27.0,78,36,40,0.474,36.0,7.4,18.1,0.421,2.9,8.4,0.345,6.5,7.4,0.873,0.5,2.6,3.0,11.3,4.6,1.2,0.2,0.9,1.9,5.7,23.6,2.8,44.7,51,0,44.5,51,136,59,309,14,44,23,414,27,18,280,4,7,76,400,246,292,1,1,59,406,49,192,9,22,198,13,6,44,13,1,0.279,0.6,0.129,0.559,0.452,0.042,105.51,73,164.0,Trae Young,ATL,34.7,29.2,1.4,3,3-and-D игрок,2.1877697,6.3114986
1631218,Trayce Jackson-Davis,Trayce,1610612744,GSW,26.0,65,33,29,0.532,15.6,2.8,4.9,0.585,0.0,0.0,0.0,1.0,1.6,0.592,2.0,3.0,5.1,1.7,0.7,0.4,0.6,0.7,1.2,1.2,6.7,-2.2,17.3,4,0,15.2,192,166,188,244,358,276,338,53,499,533,499,269,214,496,58,191,123,260,333,421,114,98,385,255,316,333,273,116,44,302,1,0.176,-3.5,0.12,0.587,0.163,0.152,101.53,81,245.0,Trayce Jackson-Davis,GSW,13.8,7.6,1.0,0,Звезда лиги,3.8581688,1.7544816
1630200,Tre Jones,Tre,1610612741,CHI,26.0,47,21,25,0.457,19.7,2.8,5.2,0.538,0.4,1.0,0.384,1.2,1.5,0.809,0.7,1.8,2.6,4.3,0.8,0.8,0.2,0.4,1.2,1.5,7.4,0.2,18.8,1,0,16.3,307,280,256,333,280,280,319,74,389,417,100,215,240,166,307,360,361,81,321,197,343,231,380,209,287,302,248,198,44,279,2,0.15,-1.5,0.11,0.62,0.289,0.059,103.35,73,185.0,Tre Jones,CHI,14.5,9.6,1.0,1,Плеймейкер,7.6276073,4.832592
1630570,Trendon Watford,Trendon,1610612751,BKN,25.0,46,16,28,0.364,20.7,3.7,8.0,0.481,0.7,2.0,0.325,2.1,2.8,0.76,0.8,2.8,3.7,2.7,2.0,0.6,0.3,0.8,2.2,2.4,10.5,-2.6,19.3,1,0,18.9,322,340,209,419,259,184,191,216,336,333,311,105,109,287,246,224,232,149,88,293,293,59,129,107,183,385,233,198,44,223,1,0.23,-4.4,0.101,0.568,0.211,0.084,97.8,80,237.0,Trendon Watford,BKN,15.8,11.8,0.9,2,Большой (Big Man),5.8918014,6.686728
1630243,Trevelin Queen,Trevelin,1610612753,ORL,29.0,38,15,16,0.484,13.9,1.8,4.7,0.37,0.7,2.5,0.297,0.6,0.7,0.871,0.8,0.9,1.6,1.2,0.7,1.0,0.3,0.4,1.2,0.5,4.7,0.1,12.1,0,0,11.2,402,349,369,304,387,389,350,479,320,299,396,378,405,95,247,483,429,340,344,101,259,257,373,431,385,449,374,281,44,383,1,0.164,-9.2,0.071,0.496,0.141,0.063,98.95,77,190.0,Trevelin Queen,ORL,8.1,5.3,1.3,4,Ролевой игрок,10.252687,7.650279
1641725,Trey Alexander,Trey,1610612743,DEN,23.0,20,14,10,0.583,4.9,0.5,1.7,0.318,0.1,0.7,0.169,0.1,0.2,0.741,0.0,0.5,0.6,0.6,0.2,0.1,0.0,0.0,0.4,0.2,1.4,-1.2,2.8,0,0,2.7,432,364,443,197,530,529,514,528,472,465,483,528,530,310,547,545,551,497,521,534,512,519,517,531,536,342,543,281,44,542,1,0.159,-10.9,0.029,0.371,0.136,0.047,105.44,76,185.0,Trey Alexander,DEN,2.5,1.7,0.1,4,Ролевой игрок,11.02022,8.473177
1641998,Trey Jemison III,Trey,1610612747,LAL,26.0,35,17,21,0.447,10.3,1.1,1.9,0.541,0.0,0.0,0.0,0.3,0.9,0.394,1.2,1.6,2.9,0.4,0.6,0.2,0.4,0.3,1.8,0.5,2.6,0.6,7.7,0,0,6.9,357,323,297,350,453,471,499,66,499,542,499,455,360,538,151,388,335,506,370,483,223,335,217,438,485,281,465,281,44,469,2,0.113,-2.2,0.044,0.538,0.058,0.128,99.06,83,270.0,Trey Jemison III,LAL,5.9,2.8,0.6,4,Ролевой игрок,4.154965,1.4573829
1626168,Trey Lyles,Trey,1610612758,SAC,30.0,63,34,35,0.493,19.6,2.3,5.4,0.426,1.2,3.4,0.354,0.8,1.2,0.69,1.2,3.4,4.6,1.2,0.6,0.6,0.3,0.2,1.2,1.1,6.5,-1.9,16.0,1,0,15.3,129,157,116,292,281,341,309,394,215,213,277,295,284,393,150,144,152,344,400,310,248,422,369,274,318,340,300,198,44,299,1,0.148,-2.0,0.087,0.554,0.084,0.114,100.04,81,234.0,Trey Lyles,SAC,12.6,7.1,0.9,1,Плеймейкер,8.65767,6.953399
1630530,Trey Murphy III,Trey,1610612740,NOP,26.0,50,14,39,0.264,35.0,7.2,15.8,0.45,3.0,8.3,0.372,3.8,4.3,0.885,0.9,4.2,5.1,3.5,1.9,1.1,0.7,0.5,2.1,3.5,21.2,-3.9,36.0,2,0,36.4,263,364,68,482,24,53,47,265,22,19,207,36,41,56,229,91,121,103,83,86,80,151,146,50,40,552,55,159,44,49,1,0.233,-9.7,0.11,0.609,0.157,0.069,102.03,80,206.0,Trey Murphy III,NOP,29.7,23.0,1.8,2,Большой (Big Man),3.6890557,6.656275
202684,Tristan Thompson,Tristan,1610612739,CLE,35.0,37,31,9,0.775,8.2,0.8,1.8,0.433,0.0,0.1,0.012,0.2,0.8,0.238,0.8,2.6,3.2,0.6,0.4,0.1,0.3,0.2,0.9,0.6,1.6,0.3,7.3,0,0,6.3,342,186,454,48,479,499,508,324,499,526,499,507,393,542,262,256,262,470,472,539,289,418,443,430,517,421,471,281,44,478,1,0.124,-12.5,0.083,0.396,0.109,0.177,100.56,81,254.0,Tristan Thompson,CLE,5.4,1.9,0.4,4,Ролевой игрок,11.15441,8.142561
1641774,Tristan Vukcevic,Tristan,1610612764,WAS,23.0,35,7,28,0.2,14.6,3.4,6.9,0.505,1.1,2.9,0.359,1.5,1.9,0.771,0.7,3.0,4.1,1.2,1.3,0.3,0.8,0.3,1.6,1.7,10.3,-1.6,17.3,1,0,17.3,381,460,209,520,376,207,248,144,242,261,163,167,180,260,278,201,220,361,199,445,101,342,271,179,207,482,275,198,44,262,1,0.265,-11.7,0.127,0.596,0.136,0.116,102.79,84,220.0,Tristan Vukcevic,WAS,15.4,10.9,1.1,2,Большой (Big Man),6.6044292,5.621206
1641783,Tristan da Silva,Tristan,1610612753,ORL,25.0,80,35,39,0.473,22.0,2.7,6.5,0.415,1.1,3.2,0.323,0.7,0.9,0.881,1.0,2.3,3.6,1.6,0.9,0.4,0.2,0.3,1.3,0.8,7.8,1.1,14.8,1,0,14.5,71,149,68,311,233,287,265,411,243,229,295,325,363,80,194,298,269,284,322,386,320,281,360,359,285,395,324,198,44,320,1,0.155,-4.2,0.074,0.509,0.105,0.076,96.97,80,217.0,Tristan da Silva,ORL,12.7,8.6,0.6,1,Плеймейкер,8.936353,7.373946
1629660,Ty Jerome,Ty,1610612739,CLE,28.0,64,55,15,0.786,19.9,4.6,8.8,0.513,1.6,3.6,0.426,1.8,2.1,0.863,0.7,1.8,2.6,3.6,1.4,1.2,0.0,0.4,1.5,1.8,13.2,4.6,22.7,0,0,22.3,118,11,382,40,273,141,161,98,155,196,20,131,154,81,284,373,365,110,175,72,510,234,325,163,132,57,172,281,44,162,1,0.24,9.9,0.134,0.629,0.241,0.06,101.92,77,195.0,Ty Jerome,CLE,19.2,15.0,1.2,2,Большой (Big Man),5.7583437,3.7225878
1629639,Tyler Herro,Tyler,1610612748,MIA,26.0,70,37,40,0.481,35.4,8.5,17.9,0.468,3.3,8.7,0.366,3.7,4.2,0.876,0.5,4.7,5.4,5.7,2.7,0.9,0.2,1.0,1.1,2.9,24.9,2.2,39.2,9,0,40.1,43,124,59,307,18,23,25,204,12,14,156,40,49,73,408,72,115,37,42,153,339,33,397,74,26,149,39,71,44,28,1,0.274,1.3,0.139,0.613,0.254,0.073,97.78,77,195.0,Tyler Herro,MIA,34.4,27.8,1.1,3,3-and-D игрок,2.052806,6.913977
1642278,Tyler Kolek,Tyler,1610612752,NYK,25.0,39,27,14,0.659,7.2,0.7,2.0,0.334,0.3,1.1,0.312,0.3,0.4,0.757,0.2,0.5,0.7,1.8,0.4,0.3,0.1,0.1,0.6,0.5,2.1,-0.6,6.1,0,0,5.5,336,232,392,92,498,519,492,518,407,404,384,465,471,283,520,544,540,254,443,458,464,501,488,441,505,240,489,281,44,494,1,0.14,-0.3,0.072,0.451,0.321,0.043,102.35,75,195.0,Tyler Kolek,NYK,4.6,3.0,0.4,4,Ролевой игрок,10.815236,8.01795
1641890,Tyler Smith,Tyler,1610612749,MIL,21.0,20,12,11,0.522,5.3,1.0,2.2,0.469,0.6,1.3,0.422,0.3,0.3,0.75,0.3,0.8,1.3,0.2,0.3,0.1,0.2,0.0,0.5,0.3,3.3,-0.9,5.0,0,0,5.3,438,393,425,255,523,475,486,177,352,392,28,484,494,310,488,497,500,547,474,517,390,518,514,507,472,207,507,281,44,497,1,0.21,7.1,0.123,0.641,0.056,0.098,105.22,81,224.0,Tyler Smith,MIL,4.8,3.4,0.3,1,Плеймейкер,9.059074,5.194829
1630169,Tyrese Haliburton,Tyrese,1610612754,IND,26.0,78,46,27,0.63,33.6,6.5,13.8,0.479,3.0,7.7,0.388,2.6,3.0,0.848,0.6,3.0,3.6,9.6,1.7,1.5,0.7,0.3,1.3,2.4,19.3,2.8,41.4,31,0,38.6,86,45,222,121,42,70,67,200,20,25,118,81,97,105,343,203,241,3,116,30,95,293,364,108,62,85,27,18,44,33,1,0.213,3.5,0.143,0.624,0.384,0.052,100.82,77,185.0,Tyrese Haliburton,IND,33.0,24.1,2.2,3,3-and-D игрок,1.7013043,6.7554817
1631213,Tyrese Martin,Tyrese,1610612751,BKN,27.0,57,16,44,0.267,21.9,3.2,7.8,0.391,1.7,4.7,0.366,0.8,1.0,0.797,1.0,2.7,3.8,2.1,1.2,0.6,0.2,0.3,1.3,0.8,9.0,-2.5,17.1,1,0,17.5,206,340,42,480,235,242,204,424,146,128,243,315,332,230,201,237,230,205,190,321,415,348,358,345,239,505,278,198,44,255,1,0.187,-10.2,0.084,0.54,0.15,0.083,98.64,78,215.0,Tyrese Martin,BKN,14.5,10.0,0.8,2,Большой (Big Man),7.7497325,7.224104
1630178,Tyrese Maxey,Tyrese,1610612755,PHI,25.0,59,20,32,0.385,37.7,9.2,21.0,0.436,3.1,9.2,0.323,4.9,5.6,0.893,0.3,3.1,3.6,6.7,2.6,2.0,0.4,1.2,2.2,4.3,28.8,-1.5,43.6,8,1,43.2,267,296,143,400,1,11,3,322,15,8,290,21,23,69,479,189,263,22,57,9,215,11,117,27,8,435,15,77,20,16,1,0.281,-3.5,0.127,0.572,0.276,0.045,98.34,74,200.0,Tyrese Maxey,PHI,38.9,32.2,2.4,3,3-and-D игрок,2.3464298,6.347226
1626145,Tyus Jones,Tyus,1610612756,PHX,30.0,74,36,45,0.444,26.8,3.8,8.4,0.444,2.0,5.0,0.424,0.6,0.7,0.894,0.5,1.9,2.3,5.1,1.1,0.9,0.1,0.3,0.8,0.9,9.9,-1.4,22.8,6,0,21.9,12,136,38,353,152,181,172,284,82,115,51,359,402,45,388,352,372,43,217,175,463,289,464,318,182,354,171,93,44,169,1,0.173,-2.5,0.099,0.582,0.276,0.045,99.19,73,196.0,Tyus Jones,PHX,17.2,12.4,1.0,2,Большой (Big Man),7.128336,6.3580565
203995,Vasilije Micic,Vasilije,1610612756,PHX,32.0,43,8,33,0.195,19.1,2.3,6.7,0.35,1.1,3.0,0.371,0.8,1.0,0.823,0.5,1.7,2.2,3.1,1.9,0.4,0.0,0.6,1.1,1.2,6.6,-1.1,13.1,1,0,13.7,336,445,130,526,292,338,259,510,238,250,210,289,314,142,391,386,394,123,90,423,519,147,399,268,317,456,354,198,44,337,2,0.203,-7.2,0.061,0.476,0.258,0.053,97.45,75,188.0,Vasilije Micic,PHX,10.4,8.2,0.4,4,Ролевой игрок,7.812043,8.031179
1641705,Victor Wembanyama,Victor,1610612759,SAS,22.0,49,21,25,0.457,33.2,8.9,18.6,0.49,3.1,8.8,0.359,3.4,4.1,0.843,1.8,9.2,12.0,4.1,3.5,1.2,4.2,0.6,2.3,4.9,26.6,2.3,54.6,28,1,51.9,307,280,256,333,44,18,15,192,16,13,240,51,54,128,74,5,8,99,12,70,1,136,102,18,21,115,3,22,20,4,1,0.3,2.6,0.168,0.591,0.184,0.159,100.98,87,235.0,Victor Wembanyama,SAS,44.6,28.6,5.4,3,3-and-D игрок,2.7253077,5.266233
1631246,Vince Williams Jr.,Vince,1610612763,MEM,25.0,29,10,17,0.37,18.5,2.5,6.2,0.401,1.0,3.5,0.277,0.7,0.9,0.805,0.8,2.8,3.9,2.1,1.3,0.4,0.3,0.3,1.7,1.3,7.1,-0.2,14.9,1,0,14.7,421,419,360,411,312,312,282,443,274,207,419,342,356,232,258,219,233,204,192,388,304,339,258,249,313,220,322,198,44,315,1,0.159,1.2,0.065,0.507,0.14,0.096,105.23,76,205.0,Vince Williams Jr.,MEM,12.5,8.2,0.7,4,Ролевой игрок,8.065831,7.5982413
1630249,Vít Krejčí,Vít,1610612737,ATL,26.0,50,28,29,0.491,20.2,2.5,5.1,0.495,1.6,3.6,0.427,0.6,0.8,0.706,0.4,2.4,2.8,2.7,0.9,0.6,0.5,0.1,1.8,0.7,7.5,0.1,16.8,1,0,16.3,232,220,188,295,267,303,323,139,156,197,23,387,379,382,434,291,337,154,285,287,183,448,207,384,283,358,286,198,44,282,1,0.129,-1.9,0.086,0.675,0.175,0.067,102.63,80,195.0,Vít Krejčí,ATL,13.2,8.8,1.1,1,Плеймейкер,7.852185,4.8666673
1631117,Walker Kessler,Walker,1610612762,UTA,24.0,61,14,44,0.241,30.0,4.8,7.2,0.653,0.1,0.6,0.165,1.4,2.6,0.533,4.6,7.6,12.9,1.8,1.6,0.6,2.5,0.7,2.2,2.2,11.7,-2.3,35.7,28,0,31.0,223,364,42,500,101,131,231,19,475,480,483,190,114,504,1,12,5,261,142,291,2,90,113,122,159,533,59,22,44,83,1,0.126,-9.1,0.127,0.648,0.083,0.19,100.8,84,245.0,Walker Kessler,UTA,27.9,12.6,3.1,0,Звезда лиги,3.3193119,2.7065892
1628976,Wendell Carter Jr.,Wendell,1610612753,ORL,27.0,66,31,37,0.456,25.9,3.3,7.2,0.448,0.5,2.3,0.246,1.9,2.6,0.723,2.2,5.0,7.4,2.0,1.1,0.8,0.6,0.5,2.9,2.6,9.3,-1.2,23.7,10,0,21.6,138,186,96,338,167,220,232,241,359,314,454,127,117,338,47,58,50,218,215,215,118,204,19,94,218,250,158,62,44,176,1,0.166,0.0,0.099,0.552,0.117,0.14,97.19,82,270.0,Wendell Carter Jr.,ORL,19.0,10.3,1.4,2,Большой (Big Man),5.750564,4.961947
1631111,Wendell Moore Jr.,Wendell,1610612766,CHA,24.0,30,11,25,0.306,13.9,1.6,3.5,0.475,0.4,1.1,0.341,0.5,0.6,0.817,0.8,1.8,2.6,1.2,0.8,0.6,0.1,0.3,0.9,0.5,4.2,-3.1,10.4,1,0,9.8,370,407,256,452,388,407,413,219,398,405,273,400,428,169,249,362,352,349,323,325,424,270,453,437,416,487,410,198,44,410,2,0.138,-12.4,0.083,0.563,0.13,0.09,100.73,77,215.0,Wendell Moore Jr.,CHA,7.9,4.8,0.7,1,Плеймейкер,9.546196,6.309651
1630214,Xavier Tillman,Xavier,1610612738,BOS,27.0,33,26,7,0.788,7.0,0.4,1.6,0.248,0.2,1.0,0.167,0.1,0.1,0.75,0.3,1.0,1.3,0.2,0.4,0.3,0.2,0.1,0.5,0.2,1.0,-2.6,3.9,0,0,3.7,390,240,467,38,500,545,521,547,464,436,488,537,539,310,472,460,480,544,451,434,412,461,504,538,540,268,525,281,44,525,1,0.114,-2.3,0.022,0.297,0.043,0.091,97.6,79,245.0,Xavier Tillman,BOS,2.6,1.1,0.5,4,Ролевой игрок,10.992057,8.564871
1642530,Yuki Kawamura,Yuki,1610612763,MEM,25.0,27,17,5,0.773,4.2,0.5,1.4,0.358,0.3,1.0,0.308,0.3,0.4,0.781,0.0,0.5,0.5,1.0,0.2,0.1,0.0,0.0,0.4,0.3,1.7,1.7,3.6,0,0,3.5,441,323,495,50,544,533,532,494,410,416,375,464,473,252,548,530,547,421,515,531,519,522,529,517,521,156,531,281,44,529,1,0.175,12.1,0.086,0.544,0.257,0.063,106.19,68,159.0,Yuki Kawamura,MEM,3.1,2.2,0.1,4,Ролевой игрок,10.945683,6.4846516
1642274,Yves Missi,Yves,1610612740,NOP,22.0,73,19,54,0.26,26.8,3.7,6.7,0.553,0.0,0.0,0.014,1.7,2.8,0.624,3.5,4.7,8.6,1.5,1.2,0.5,1.4,0.9,2.0,2.3,9.5,-3.6,25.4,14,0,22.4,86,302,8,485,154,190,255,70,499,541,499,135,108,473,9,71,28,316,218,352,21,46,172,119,217,548,135,40,44,159,1,0.148,-12.7,0.09,0.573,0.072,0.149,99.85,83,235.0,Yves Missi,NOP,20.3,10.2,1.9,0,Звезда лиги,3.6970441,2.0746932
1642258,Zaccharie Risacher,Zaccharie,1610612737,ATL,21.0,76,38,37,0.507,24.6,4.8,10.4,0.454,1.6,4.6,0.366,1.4,2.0,0.701,1.1,2.4,4.1,1.4,1.4,0.8,0.6,0.7,2.0,1.4,14.2,-2.6,21.0,1,0,21.4,59,110,96,264,188,135,120,248,150,136,228,180,172,381,154,280,238,339,191,250,159,91,171,217,131,389,197,198,44,179,1,0.201,-2.7,0.071,0.565,0.068,0.071,104.57,80,200.0,Zaccharie Risacher,ATL,19.7,14.9,1.4,2,Большой (Big Man),5.849936,6.5310845
1628380,Zach Collins,Zach,1610612741,CHI,28.0,63,34,30,0.531,15.3,2.4,4.7,0.498,0.5,1.7,0.296,1.1,1.2,0.878,1.6,2.9,4.7,1.8,0.9,0.5,0.5,0.3,2.1,1.3,6.7,1.7,16.1,4,0,14.9,170,157,176,246,360,329,351,115,366,371,378,243,276,59,88,207,157,250,269,381,185,305,160,242,330,278,297,116,44,307,2,0.166,-0.4,0.106,0.614,0.162,0.136,102.77,83,250.0,Zach Collins,CHI,13.3,7.6,1.0,1,Плеймейкер,7.537164,4.8016505
1641744,Zach Edey,Zach,1610612763,MEM,24.0,66,35,31,0.53,21.5,3.8,6.6,0.572,0.3,0.8,0.359,1.4,1.9,0.714,3.5,4.8,8.9,1.1,1.4,0.5,1.4,0.5,2.8,1.8,9.8,4.4,24.9,12,0,22.5,156,149,158,248,243,178,263,51,428,457,255,189,178,387,8,67,27,398,169,336,24,195,30,159,214,107,142,53,44,158,1,0.171,5.3,0.111,0.627,0.059,0.179,104.2,88,305.0,Zach Edey,MEM,20.3,10.4,1.9,0,Звезда лиги,3.9791937,3.0944443
203897,Zach LaVine,Zach,1610612758,SAC,31.0,76,32,42,0.432,35.2,8.4,16.5,0.517,3.2,7.2,0.432,3.2,3.9,0.81,0.3,4.0,4.3,4.2,2.8,0.8,0.2,0.6,1.6,3.1,23.6,-1.7,34.7,6,0,36.9,71,179,47,363,22,24,41,105,13,31,18,63,68,153,474,104,173,80,33,207,402,110,268,67,29,328,65,93,44,45,2,0.26,-1.4,0.115,0.645,0.178,0.059,101.28,77,200.0,Zach LaVine,SAC,30.3,25.7,1.0,3,3-and-D игрок,3.2986436,6.771982
1630192,Zeke Nnaji,Zeke,1610612743,DEN,25.0,57,36,21,0.632,10.7,1.2,2.5,0.501,0.3,0.9,0.319,0.5,0.8,0.609,0.6,1.0,1.6,0.4,0.2,0.4,0.7,0.2,1.1,0.7,3.2,-1.5,8.8,0,0,7.7,232,136,297,115,447,459,476,140,419,443,316,414,385,480,341,460,446,508,511,393,96,371,402,399,461,273,446,281,44,460,1,0.122,-1.6,0.063,0.577,0.051,0.067,102.16,81,240.0,Zeke Nnaji,DEN,6.1,3.4,1.1,1,Плеймейкер,10.075952,5.7045135
1630533,Ziaire Williams,Ziaire,1610612751,BKN,24.0,62,22,41,0.349,24.5,3.4,8.3,0.416,1.6,4.8,0.339,1.6,2.0,0.828,1.0,3.6,5.0,1.4,1.2,1.1,0.4,0.6,2.4,1.8,10.8,-4.9,20.7,2,0,20.4,185,274,54,433,192,210,181,413,149,125,275,156,175,165,200,129,153,322,233,116,192,126,80,151,192,521,205,159,44,192,1,0.173,-9.7,0.081,0.54,0.086,0.093,97.77,81,185.0,Ziaire Williams,BKN,17.5,11.5,1.5,2,Большой (Big Man),6.350517,7.2222147
1629627,Zion Williamson,Zion,1610612740,NOP,25.0,25,10,20,0.333,28.6,9.6,16.9,0.569,0.1,0.4,0.245,5.3,8.0,0.662,2.5,4.7,7.8,5.8,3.3,1.3,1.0,2.0,2.7,5.7,26.8,1.0,44.6,8,2,41.4,409,419,318,437,118,5,34,58,476,488,456,14,5,455,33,74,52,42,17,51,61,1,35,8,17,378,14,77,15,21,1,0.313,-1.8,0.167,0.587,0.325,0.116,103.3,78,284.0,Zion Williamson,NOP,39.4,29.7,2.3,3,3-and-D игрок,2.566153,5.5945315
